"","Player","Pos","Age","Abb_team","G","GS","MP","FG","FGA","FG.","X3P","X3PA","X3P.","X2P","X2PA","X2P.","FT","FTA","FT.","ORB","DRB","TRB","AST","STL","BLK","TOV","PF","PTS","Team","team_AST","team_FG"
"1","Alex Abrines","SG",23,"OKC",68,6,1055,4.6,11.6,0.393,3.2,8.4,0.381,1.4,3.2,0.426,1.5,1.7,0.898,0.6,2.3,2.9,1.4,1.3,0.3,1.1,3.9,13.9,"Oklahoma City Thunder",21,45.2
"2","Quincy Acy","PF",26,"DAL",6,0,48,3.7,12.7,0.294,0.7,5.2,0.143,3,7.5,0.4,1.5,2.3,0.667,1.5,4.5,6,0,0,0,1.5,6.8,9.7,"Dallas Mavericks",20.8,44
"3","Quincy Acy","PF",26,"BRK",32,1,510,4.6,10.8,0.425,2.5,5.9,0.434,2,4.9,0.414,3,4,0.754,1.3,6.3,7.6,1.3,1,1.1,1.3,4.1,14.8,"Brooklyn Nets",21.4,44.4
"4","Steven Adams","C",23,"OKC",80,80,2389,5.6,9.9,0.571,0,0,0,5.6,9.9,0.572,2.4,3.9,0.611,4.2,5,9.2,1.3,1.3,1.2,2.2,2.9,13.6,"Oklahoma City Thunder",21,45.2
"5","Arron Afflalo","SG",31,"SAC",61,45,1580,4.2,9.6,0.44,1.4,3.4,0.411,2.8,6.1,0.457,1.9,2.1,0.892,0.2,2.6,2.8,1.8,0.5,0.1,1,2.4,11.7,"Sacramento Kings",22.5,46.1
"6","Alexis Ajinca","C",28,"NOP",39,15,584,5.5,11,0.5,0,0.2,0,5.5,10.7,0.511,1.8,2.5,0.725,2.8,8.1,10.9,0.7,1.2,1.4,1.9,4.7,12.8,"New Orleans Pelicans",22.8,45
"7","Cole Aldrich","C",28,"MIN",62,0,531,3.1,5.8,0.523,0,0,NA,3.1,5.8,0.523,1,1.5,0.682,3.5,7.3,10.7,1.7,1.7,1.6,1.2,5.8,7.1,"Minnesota Timberwolves",23.7,46.7
"8","LaMarcus Aldridge","PF",31,"SAS",72,72,2335,7.7,16.2,0.477,0.4,0.9,0.411,7.4,15.3,0.48,3.4,4.2,0.812,2.7,5.4,8.1,2.1,0.7,1.4,1.5,2.4,19.2,"San Antonio Spurs",23.8,46.9
"9","Lavoy Allen","PF",27,"IND",61,5,871,3.2,6.9,0.458,0,0,0,3.2,6.9,0.461,1,1.4,0.697,4.3,4.7,9.1,2.4,0.7,1,1.2,3.2,7.3,"Indiana Pacers",22.5,46.5
"10","Tony Allen","SG",35,"MEM",71,66,1914,5.2,11.2,0.461,0.3,1,0.278,4.9,10.2,0.479,1.5,2.4,0.615,3.1,4.2,7.4,1.8,2.2,0.5,1.9,3.3,12.1,"Memphis Grizzlies",21.3,43.5
"11","Al-Farouq Aminu","SF",26,"POR",61,25,1773,3.7,9.5,0.393,1.4,4.3,0.33,2.3,5.2,0.445,1.9,2.8,0.706,1.6,7.6,9.2,2,1.2,0.9,1.9,2.1,10.8,"Portland Trail Blazers",21.1,45.9
"12","Chris Andersen","C",38,"CLE",12,0,114,2.8,6.9,0.409,0,0.9,0,2.8,6,0.474,3.2,4.4,0.714,2.8,6.9,9.8,1.6,1.6,2.2,1.6,6.3,8.8,"Cleveland Cavaliers",22.7,47
"13","Alan Anderson","SF",34,"LAC",30,0,308,3.5,9.4,0.375,1.6,5.1,0.318,1.9,4.2,0.444,1.4,1.9,0.75,0.4,2.5,2.8,1.3,0.4,0,0.8,4.1,10.1,"LA Clippers",22.5,47.5
"14","Justin Anderson","SF",23,"DAL",51,2,710,5.6,14,0.401,1.9,6.2,0.303,3.8,7.9,0.477,3.5,4.5,0.795,2,5.6,7.6,1.6,1.4,0.8,2,3.2,16.7,"Dallas Mavericks",20.8,44
"15","Justin Anderson","SF",23,"PHI",24,8,518,5.2,11.3,0.463,1.5,5,0.292,3.8,6.3,0.6,2.2,2.8,0.78,2.1,4.6,6.7,2.4,0.9,0.5,1.8,3.1,14.1,"Philadelphia 76ers",23.8,44.2
"16","Kyle Anderson","SG",23,"SAS",72,14,1020,3.3,7.4,0.445,0.5,1.4,0.375,2.8,6,0.462,1.6,2,0.789,1.2,6.2,7.3,3.2,1.8,0.9,1.4,2.2,8.7,"San Antonio Spurs",23.8,46.9
"17","Ryan Anderson","PF",28,"HOU",72,72,2116,5.5,13.2,0.418,3.5,8.6,0.403,2,4.5,0.446,2.2,2.6,0.86,1.9,3.7,5.6,1.2,0.5,0.2,0.9,2.4,16.7,"Houston Rockets",25.2,46.2
"18","Giannis Antetokounmpo","SF",22,"MIL",80,80,2845,8.3,15.9,0.521,0.6,2.3,0.272,7.7,13.7,0.563,6,7.7,0.77,1.8,7.1,8.9,5.5,1.7,1.9,3,3.1,23.2,"Milwaukee Bucks",24.2,47.4
"19","Carmelo Anthony","SF",32,"NYK",74,74,2538,8.5,19.7,0.433,2.1,6,0.359,6.4,13.7,0.466,4.3,5.2,0.833,0.9,5.3,6.2,3,0.9,0.5,2.2,2.8,23.5,"New York Knicks",21.8,44.7
"20","Joel Anthony","C",34,"SAS",19,0,122,3,4.7,0.625,0,0,NA,3,4.7,0.625,1.5,2.4,0.625,2.4,6.8,9.1,0.9,0.6,1.8,1.2,3.2,7.4,"San Antonio Spurs",23.8,46.9
"21","Trevor Ariza","SF",31,"HOU",80,80,2773,4.2,10.4,0.409,2.5,7.2,0.344,1.8,3.2,0.556,1.2,1.6,0.738,0.7,5.2,5.9,2.3,1.9,0.3,0.9,1.7,12.2,"Houston Rockets",25.2,46.2
"22","Darrell Arthur","PF",28,"DEN",41,7,639,5.4,12.1,0.442,3,6.6,0.453,2.4,5.5,0.429,1.1,1.2,0.864,1.4,4.9,6.3,2.4,1.1,1.2,2,4.3,14.8,"Denver Nuggets",25.3,46.9
"23","Omer Asik","C",30,"NOP",31,19,482,2.3,4.9,0.477,0,0,NA,2.3,4.9,0.477,1.7,2.9,0.59,3.6,8.6,12.2,1.1,0.4,0.7,1,3.8,6.3,"New Orleans Pelicans",22.8,45
"24","D.J. Augustin","PG",29,"ORL",78,20,1538,4.6,12.1,0.377,2.2,6.4,0.347,2.3,5.7,0.412,3.1,3.8,0.814,0.4,2.4,2.7,4.9,0.7,0,2.1,2.4,14.4,"Orlando Magic",22.2,44
"25","Luke Babbitt","SF",27,"MIA",68,55,1065,3.8,9.5,0.402,2.9,7.1,0.414,0.9,2.4,0.366,0.4,0.5,0.733,0.4,4.4,4.8,1.2,0.7,0.4,0.8,4,11,"Miami Heat",21.2,45.5
"26","Ron Baker","SG",23,"NYK",52,13,857,3.4,9.1,0.378,1,3.6,0.267,2.5,5.5,0.45,1.2,1.8,0.651,0.5,3.6,4.1,4.5,1.4,0.3,2.4,3.1,9,"New York Knicks",21.8,44.7
"27","Wade Baldwin","PG",20,"MEM",33,1,405,3.2,10.2,0.313,0.3,2,0.136,2.9,8.3,0.355,2.8,3.3,0.838,1,3.1,4.1,5.4,1.6,0.6,3.5,3.6,9.4,"Memphis Grizzlies",21.3,43.5
"28","Leandro Barbosa","SG",34,"PHO",67,0,963,6.4,14.7,0.439,1.3,3.7,0.357,5.1,11,0.466,1.5,1.7,0.889,0.6,3.3,3.9,3,1.2,0.3,1.8,3.1,15.7,"Phoenix Suns",19.6,45
"29","J.J. Barea","PG",32,"DAL",35,6,771,6.6,16,0.414,2.5,6.9,0.358,4.2,9.1,0.456,2.1,2.4,0.863,0.4,3.5,3.9,9,0.7,0,2.9,1.4,17.8,"Dallas Mavericks",20.8,44
"30","Harrison Barnes","PF",24,"DAL",79,79,2803,7.7,16.4,0.468,1,2.9,0.351,6.7,13.6,0.492,3.1,3.6,0.861,1.2,3.9,5.1,1.5,0.8,0.2,1.3,1.6,19.5,"Dallas Mavericks",20.8,44
"31","Matt Barnes","SF",36,"SAC",54,13,1367,3.9,10.1,0.384,1.8,5.6,0.327,2.1,4.5,0.453,1.3,1.7,0.758,1.4,6.3,7.7,4,0.9,0.4,2.2,3.6,10.9,"Sacramento Kings",22.5,46.1
"32","Matt Barnes","SF",36,"GSW",20,5,410,3.3,7.9,0.422,1.6,4.6,0.346,1.8,3.3,0.526,1.8,2,0.87,1.3,6.7,8,4,1.1,0.8,2.1,4.1,10,"Golden State Warriors",30.4,49.5
"33","Will Barton","SG",26,"DEN",60,19,1705,6.2,14.1,0.443,1.8,5,0.37,4.4,9.1,0.483,3,4,0.753,1.2,4.2,5.5,4.3,1,0.6,2,2.3,17.3,"Denver Nuggets",25.3,46.9
"34","Brandon Bass","PF",31,"LAC",52,0,577,6.7,11.6,0.575,0.1,0.2,0.333,6.6,11.4,0.579,4.8,5.5,0.875,2.7,5.4,8,1.3,0.9,0.7,1.8,2.8,18.2,"LA Clippers",22.5,47.5
"35","Nicolas Batum","SG",28,"CHO",77,77,2617,5.4,13.4,0.403,1.9,5.6,0.333,3.5,7.8,0.453,3.3,3.9,0.856,0.6,6,6.6,6.3,1.2,0.4,2.7,1.5,16,"Charlotte Hornets",23.1,44.2
"36","Jerryd Bayless","PG",28,"PHI",3,1,71,5.6,16.2,0.344,1,2.5,0.4,4.6,13.7,0.333,4.6,5.1,0.9,1.5,4.6,6.1,6.6,0,0,4.6,2,16.7,"Philadelphia 76ers",23.8,44.2
"37","Aron Baynes","C",30,"DET",75,2,1163,4.4,8.6,0.513,0,0,NA,4.4,8.6,0.513,2.4,2.9,0.84,3.4,6.9,10.3,1,0.5,1.2,1.5,5.1,11.3,"Detroit Pistons",21.1,44.9
"38","Kent Bazemore","SF",27,"ATL",73,64,1963,5.4,13.2,0.409,1.7,4.9,0.346,3.7,8.3,0.446,2.2,3.1,0.708,0.8,3.4,4.2,3.2,1.7,1,2.3,3,14.7,"Atlanta Hawks",23.6,45.1
"39","Bradley Beal","SG",23,"WAS",77,77,2684,8.5,17.7,0.482,3,7.4,0.404,5.6,10.3,0.538,3.8,4.6,0.825,0.7,2.5,3.2,3.6,1.1,0.3,2.1,2.3,23.9,"Washington Wizards",23.9,47.5
"40","Malik Beasley","SG",20,"DEN",22,1,165,7.2,15.9,0.452,2,6.1,0.321,5.2,9.8,0.533,1.7,2.2,0.8,1.1,2.6,3.7,2.4,1.5,0,1.7,2.2,18.1,"Denver Nuggets",25.3,46.9
"41","Michael Beasley","PF",28,"MIL",56,6,935,8.3,15.6,0.532,0.7,1.7,0.419,7.6,14,0.545,3,4,0.743,1.5,5.9,7.4,2,1,1,2.5,3.5,20.3,"Milwaukee Bucks",24.2,47.4
"42","Marco Belinelli","SG",30,"CHO",74,0,1778,5.3,12.5,0.429,2.1,5.7,0.36,3.3,6.7,0.488,3,3.4,0.893,0.3,3.3,3.6,3,0.9,0.2,1.4,1.8,15.8,"Charlotte Hornets",23.1,44.2
"43","DeAndre' Bembry","SF",22,"ATL",38,1,371,4.6,9.5,0.48,0.1,1.7,0.056,4.5,7.8,0.575,0.6,1.6,0.375,1.4,4.4,5.7,2.7,0.8,0.5,1.6,2,9.8,"Atlanta Hawks",23.6,45.1
"44","Dragan Bender","PF",19,"PHO",43,0,574,3.6,10.1,0.354,1.8,6.3,0.277,1.8,3.8,0.483,0.3,0.7,0.364,1.4,5,6.5,1.4,0.6,1.4,2,4.6,9.2,"Phoenix Suns",19.6,45
"45","Anthony Bennett","PF",23,"BRK",23,1,264,5.2,12.5,0.413,1.8,6.5,0.271,3.4,6,0.568,3.5,4.9,0.722,3.4,7.2,10.6,1.6,0.7,0.4,1.6,2.5,15.7,"Brooklyn Nets",21.4,44.4
"46","Ben Bentil","PF",21,"DAL",3,0,10,0,10.8,0,0,3.6,0,0,7.2,0,0,0,NA,0,7.2,7.2,0,0,0,3.6,3.6,0,"Dallas Mavericks",20.8,44
"47","Davis Bertans","PF",24,"SAS",67,6,808,4.6,10.4,0.44,3.1,7.7,0.399,1.5,2.7,0.557,1.2,1.5,0.824,1,3.4,4.4,2,0.9,1.2,1.4,3.3,13.5,"San Antonio Spurs",23.8,46.9
"48","Patrick Beverley","SG",28,"HOU",67,67,2058,4,9.5,0.42,1.9,5,0.382,2.1,4.5,0.463,1.3,1.7,0.768,1.7,5.2,6.9,4.9,1.7,0.4,1.7,3.9,11.2,"Houston Rockets",25.2,46.2
"49","Bismack Biyombo","C",24,"ORL",81,27,1793,3.6,6.8,0.528,0,0,NA,3.6,6.8,0.528,2.5,4.7,0.534,3.2,8.2,11.4,1.5,0.5,1.8,1.9,4.1,9.7,"Orlando Magic",22.2,44
"50","Nemanja Bjelica","PF",28,"MIN",65,1,1190,4.6,10.8,0.424,1.7,5.4,0.316,2.9,5.4,0.531,1.4,1.8,0.738,1.7,5.7,7.4,2.4,1.2,0.6,1.8,4.7,12.2,"Minnesota Timberwolves",23.7,46.7
"51","Tarik Black","C",25,"LAL",67,16,1091,4.9,9.7,0.51,0,0.1,0.5,4.9,9.6,0.51,2.7,3.6,0.752,4.8,6.6,11.3,1.3,1,1.5,1.9,5.7,12.6,"Los Angeles Lakers",20.9,45
"52","Eric Bledsoe","PG",27,"PHO",66,66,2176,7.4,17.1,0.434,1.7,5.1,0.335,5.7,12,0.477,6.4,7.6,0.847,0.9,4.4,5.3,6.9,1.5,0.5,3.7,2.7,23,"Phoenix Suns",19.6,45
"53","Bojan Bogdanovic","SF",27,"BRK",55,54,1482,6.5,14.8,0.44,2.4,6.7,0.357,4.1,8.1,0.509,3.5,4.1,0.874,0.6,4.2,4.8,2.2,0.6,0.1,2.3,2.4,19,"Brooklyn Nets",21.4,44.4
"54","Bojan Bogdanovic","SF",27,"WAS",26,0,601,6.4,14,0.457,2.7,6.9,0.391,3.7,7.1,0.521,4.3,4.6,0.934,0.8,4,4.8,1.3,0.6,0.2,2.3,2.8,19.8,"Washington Wizards",23.9,47.5
"55","Andrew Bogut","C",32,"DAL",26,21,582,2.4,5,0.469,0,0.1,0,2.4,4.9,0.475,0.2,0.7,0.273,3.5,10,13.5,3,0.8,1.5,2.7,5.2,4.9,"Dallas Mavericks",20.8,44
"56","Andrew Bogut","C",32,"CLE",1,0,1,0,0,NA,0,0,NA,0,0,NA,0,0,NA,0,0,0,0,0,0,0,72,0,"Cleveland Cavaliers",22.7,47
"57","Joel Bolomboy","PF",23,"UTA",12,0,53,6.1,10.9,0.563,0.7,2.7,0.25,5.4,8.2,0.667,2,4.1,0.5,2.7,8.8,11.5,1.4,0.7,1.4,1.4,0.7,14.9,"Utah Jazz",20.1,46.6
"58","Devin Booker","SG",20,"PHO",78,78,2730,8,18.9,0.423,1.9,5.3,0.363,6.1,13.5,0.447,4.8,5.8,0.832,0.6,2.7,3.3,3.5,0.9,0.3,3.2,3.2,22.8,"Phoenix Suns",19.6,45
"59","Trevor Booker","PF",29,"BRK",71,43,1754,6.3,12.1,0.516,0.5,1.6,0.321,5.7,10.5,0.546,1.5,2.3,0.673,2.9,8.8,11.7,2.8,1.5,0.6,2.6,3.1,14.6,"Brooklyn Nets",21.4,44.4
"60","Avery Bradley","SG",26,"BOS",55,55,1835,7,15.2,0.463,2.1,5.4,0.39,4.9,9.8,0.504,1.3,1.8,0.731,1.3,5.3,6.6,2.4,1.3,0.2,1.7,2.8,17.5,"Boston Celtics",25.2,45.4
"61","Corey Brewer","SF",30,"HOU",58,8,923,3.7,8.9,0.414,0.9,3.7,0.234,2.8,5.2,0.541,1.2,1.7,0.727,0.8,3.6,4.4,2.4,1.4,0.5,1.4,4.1,9.4,"Houston Rockets",25.2,46.2
"62","Corey Brewer","SF",30,"LAL",24,3,358,5.3,12.2,0.438,0.5,2.4,0.208,4.8,9.8,0.495,1.8,2.4,0.75,1.1,4.1,5.2,3.6,2.4,0.8,1.9,2.9,13,"Los Angeles Lakers",20.9,45
"63","Malcolm Brogdon","SG",24,"MIL",75,28,1982,5.3,11.5,0.457,1.4,3.5,0.404,3.9,8,0.48,2,2.3,0.865,0.9,3,3.9,5.8,1.5,0.2,2.1,2.5,13.9,"Milwaukee Bucks",24.2,47.4
"64","Aaron Brooks","PG",32,"IND",65,0,894,4.9,12.1,0.403,1.9,5.2,0.375,2.9,6.9,0.424,1.3,1.6,0.8,0.7,2.1,2.8,5,1,0.4,2.7,3.7,13,"Indiana Pacers",22.5,46.5
"65","Anthony Brown","SF",24,"NOP",9,0,143,3.5,10.3,0.341,1.5,6,0.25,2,4.3,0.471,0,0,NA,1.5,5,6.5,1.5,1.3,0.3,1.3,3.3,8.6,"New Orleans Pelicans",22.8,45
"66","Anthony Brown","SF",24,"ORL",2,0,16,9,20.3,0.444,2.3,6.8,0.333,6.8,13.5,0.5,0,0,NA,4.5,11.3,15.8,4.5,0,0,2.3,4.5,20.3,"Orlando Magic",22.2,44
"67","Bobby Brown","PG",32,"HOU",25,0,123,6.7,17.6,0.383,4.1,10.2,0.4,2.6,7.3,0.36,0.6,0.6,1,0,1.8,1.8,4.1,0.3,0,1.5,1.5,18.1,"Houston Rockets",25.2,46.2
"68","Jaylen Brown","SF",20,"BOS",78,20,1341,5.2,11.4,0.454,1.2,3.6,0.341,3.9,7.7,0.507,2.3,3.3,0.685,1.2,4.7,5.9,1.7,0.9,0.5,1.8,3.8,13.8,"Boston Celtics",25.2,45.4
"69","Nicolas Brussino","SF",23,"DAL",54,2,521,3.6,9.7,0.369,2,6.6,0.305,1.6,3.2,0.5,1.2,1.5,0.773,1.8,4.8,6.6,3.2,1.2,0.6,1.8,3,10.4,"Dallas Mavericks",20.8,44
"70","Reggie Bullock","SF",25,"DET",31,5,467,4.2,9.9,0.422,2.2,5.6,0.384,2,4.2,0.473,0.4,0.5,0.714,1,3.9,4.9,2.2,1.4,0.2,0.8,1.7,10.9,"Detroit Pistons",21.1,44.9
"71","Trey Burke","PG",24,"WAS",57,0,703,5.9,13.1,0.455,1.6,3.6,0.443,4.4,9.5,0.459,1.1,1.5,0.759,0.4,2,2.4,5.1,0.6,0.3,2.5,2.8,14.6,"Washington Wizards",23.9,47.5
"72","Alec Burks","SG",25,"UTA",42,0,653,5.5,13.7,0.399,1.4,4.2,0.329,4.1,9.5,0.43,3.3,4.3,0.769,0.9,5.7,6.6,1.7,1,0.3,1.9,2.8,15.6,"Utah Jazz",20.1,46.6
"73","Jimmy Butler","SF",27,"CHI",76,75,2809,7.3,16,0.455,1.2,3.2,0.367,6.1,12.9,0.477,7.5,8.7,0.865,1.7,4.4,6,5.3,1.8,0.4,2,1.4,23.3,"Chicago Bulls",22.6,44.4
"74","Bruno Caboclo","SF",21,"TOR",9,0,40,5.4,14.4,0.375,1.8,5.4,0.333,3.6,9,0.4,0,0,NA,4.5,4.5,9,3.6,1.8,0.9,1.8,3.6,12.6,"Toronto Raptors",18.5,46.4
"75","Jose Calderon","PG",35,"LAL",24,11,292,3.9,9.5,0.416,1.5,4.2,0.353,2.5,5.3,0.465,0.5,0.5,1,1,4.2,5.2,6.3,0.9,0.1,3.2,2.7,9.9,"Los Angeles Lakers",20.9,45
"76","Jose Calderon","PG",35,"ATL",17,2,247,3.4,8.3,0.404,1.2,4.4,0.267,2.2,3.9,0.556,1,1.2,0.875,1,3.6,4.7,5.4,0.6,0,2.2,2,8.9,"Atlanta Hawks",23.6,45.1
"77","Kentavious Caldwell-Pope","SG",23,"DET",76,75,2529,5.3,13.2,0.399,2.2,6.2,0.35,3.1,7,0.442,2.2,2.6,0.832,0.8,2.7,3.5,2.7,1.3,0.2,1.2,1.7,14.9,"Detroit Pistons",21.1,44.9
"78","Isaiah Canaan","SG",25,"CHI",39,0,592,3.8,10.5,0.364,1.5,5.7,0.266,2.3,4.8,0.481,1.8,2,0.909,0.4,2.7,3,2.3,1.3,0.1,1.3,2.1,11,"Chicago Bulls",22.6,44.4
"79","Clint Capela","C",22,"HOU",65,59,1551,8.4,13.1,0.643,0,0,NA,8.4,13.1,0.643,2.2,4.1,0.531,4.1,8.1,12.2,1.5,0.8,1.8,2,4.2,19,"Houston Rockets",25.2,46.2
"80","DeMarre Carroll","SF",30,"TOR",72,72,1882,4.2,10.5,0.4,2.1,6.1,0.341,2.1,4.4,0.483,1.7,2.2,0.761,1.2,4.1,5.3,1.4,1.5,0.5,1,2.7,12.2,"Toronto Raptors",18.5,46.4
"81","Vince Carter","SF",40,"MEM",73,15,1799,3.9,9.8,0.394,2.2,5.9,0.378,1.6,3.9,0.418,1.8,2.3,0.765,0.7,3.8,4.5,2.7,1.2,0.7,1,3.3,11.7,"Memphis Grizzlies",21.3,43.5
"82","Michael Carter-Williams","PG",25,"CHI",45,19,846,4.8,13,0.366,0.6,2.7,0.234,4.1,10.3,0.401,2.5,3.3,0.753,1,5.5,6.5,4.8,1.6,1,2.8,4.3,12.6,"Chicago Bulls",22.6,44.4
"83","Omri Casspi","SF",28,"SAC",22,2,397,4.8,10.6,0.453,1,2.6,0.379,3.8,8,0.477,1.1,1.9,0.571,1.8,6.3,8.2,2.4,0.9,0.1,1.5,2.1,11.7,"Sacramento Kings",22.5,46.1
"84","Omri Casspi","SF",28,"NOP",1,0,24,7.5,13.5,0.556,3,6,0.5,4.5,7.5,0.6,0,0,NA,1.5,1.5,3,0,0,0,3,4.5,18,"New Orleans Pelicans",22.8,45
"85","Omri Casspi","SF",28,"MIN",13,0,222,3.1,6.2,0.5,0.3,1.6,0.2,2.8,4.5,0.607,0.8,1.3,0.625,1,2.3,3.2,1.8,2.1,0.3,1.6,3.9,7.3,"Minnesota Timberwolves",23.7,46.7
"86","Willie Cauley-Stein","C",23,"SAC",75,21,1421,6.5,12.2,0.53,0,0.1,0,6.5,12.1,0.532,2.6,3.8,0.669,2.2,6.4,8.6,2,1.3,1.1,1.7,3.7,15.5,"Sacramento Kings",22.5,46.1
"87","Tyson Chandler","C",34,"PHO",47,46,1298,4.2,6.3,0.671,0,0,NA,4.2,6.3,0.671,2.5,3.4,0.734,4.2,10.7,14.9,0.8,0.9,0.7,1.8,3.5,11,"Phoenix Suns",19.6,45
"88","Wilson Chandler","SF",29,"DEN",71,33,2197,7.1,15.4,0.461,1.8,5.3,0.337,5.3,10,0.527,2.3,3.2,0.727,1.7,5.8,7.5,2.3,0.8,0.5,1.9,2.8,18.3,"Denver Nuggets",25.3,46.9
"89","Marquese Chriss","PF",19,"PHO",82,75,1743,5.9,13.1,0.449,1.5,4.6,0.321,4.4,8.4,0.52,2.3,3.7,0.624,2,5.2,7.2,1.2,1.4,1.4,2.2,5.4,15.6,"Phoenix Suns",19.6,45
"90","Rakeem Christmas","PF",25,"IND",29,0,219,3.1,7.1,0.442,0,0,NA,3.1,7.1,0.442,3.5,4.8,0.724,4.3,4.9,9.2,0.7,0.5,1,1.3,6.1,9.7,"Indiana Pacers",22.5,46.5
"91","Semaj Christon","PG",24,"OKC",64,1,973,2.8,8.3,0.345,0.4,2.3,0.19,2.4,5.9,0.406,0.6,1.1,0.548,0.7,2.5,3.2,4.8,1,0.3,1.6,2.9,6.8,"Oklahoma City Thunder",21,45.2
"92","Ian Clark","SG",25,"GSW",77,0,1137,6.7,13.7,0.487,1.9,5.2,0.374,4.7,8.5,0.556,1.4,1.8,0.759,0.7,3.1,3.8,2.8,1.2,0.3,1.7,2.4,16.7,"Golden State Warriors",30.4,49.5
"93","Jordan Clarkson","SG",24,"LAL",82,19,2397,7.2,16.1,0.445,1.8,5.3,0.329,5.4,10.7,0.503,2,2.5,0.798,0.7,3,3.7,3.2,1.3,0.1,2.5,2.3,18.1,"Los Angeles Lakers",20.9,45
"94","Norris Cole","PG",28,"OKC",13,0,125,4.6,15,0.308,0.9,3.7,0.231,3.7,11.2,0.333,2.3,2.9,0.8,0,3.2,3.2,4,2.3,0,2,5.2,12.4,"Oklahoma City Thunder",21,45.2
"95","Darren Collison","PG",29,"SAC",68,64,2063,5.9,12.5,0.476,1.3,3.1,0.417,4.7,9.4,0.495,2.6,3,0.86,0.4,2.3,2.7,5.4,1.2,0.2,2,2.1,15.7,"Sacramento Kings",22.5,46.1
"96","Nick Collison","PF",36,"OKC",20,0,128,3.9,6.5,0.609,0,0.3,0,3.9,6.2,0.636,1.4,2.3,0.625,2.5,6.2,8.7,3.4,0.6,0.6,1.1,4.8,9.3,"Oklahoma City Thunder",21,45.2
"97","Mike Conley","PG",29,"MEM",69,68,2292,7.3,15.8,0.46,2.7,6.6,0.408,4.6,9.3,0.497,5,5.8,0.859,0.5,3.3,3.8,6.8,1.4,0.3,2.5,2,22.2,"Memphis Grizzlies",21.3,43.5
"98","Pat Connaughton","SG",24,"POR",39,1,316,4.2,8.2,0.514,1.9,3.8,0.515,2.3,4.4,0.513,0.8,1,0.778,1.1,4.8,5.9,3.2,0.7,0.2,1.9,2.6,11.2,"Portland Trail Blazers",21.1,45.9
"99","Quinn Cook","PG",23,"DAL",5,0,77,5.1,11.7,0.44,2.3,6.5,0.357,2.8,5.1,0.545,0,0.9,0,0,1.4,1.4,5.6,0.5,0,3.7,2.8,12.6,"Dallas Mavericks",20.8,44
"100","Quinn Cook","PG",23,"NOP",9,0,111,7.1,13.3,0.537,1.9,3.9,0.5,5.2,9.4,0.552,0.6,1,0.667,0.3,1,1.3,4.5,1,0,1.6,2.3,16.9,"New Orleans Pelicans",22.8,45
"101","DeMarcus Cousins","C",26,"SAC",55,55,1891,9.6,21.3,0.452,1.8,5.1,0.356,7.8,16.2,0.482,8.1,10.5,0.77,2.2,8.9,11.1,5.1,1.4,1.4,3.9,3.9,29.1,"Sacramento Kings",22.5,46.1
"102","DeMarcus Cousins","C",26,"NOP",17,17,574,8.9,19.7,0.452,2.3,6,0.375,6.6,13.7,0.486,5.9,7.6,0.777,2.3,10.9,13.2,4.1,1.6,1.2,3.9,4.7,26,"New Orleans Pelicans",22.8,45
"103","Robert Covington","SF",26,"PHI",67,67,2119,5,12.4,0.399,2.3,7,0.333,2.6,5.4,0.484,2.4,3,0.822,1.6,5.8,7.4,1.7,2.2,1.2,2.2,3.4,14.7,"Philadelphia 76ers",23.8,44.2
"104","Allen Crabbe","SG",24,"POR",79,7,2254,4.8,10.3,0.468,2.1,4.8,0.444,2.7,5.5,0.49,1.7,2,0.847,0.3,3.3,3.6,1.5,0.9,0.3,1,2.7,13.5,"Portland Trail Blazers",21.1,45.9
"105","Jamal Crawford","SG",36,"LAC",82,1,2157,6,14.5,0.413,1.9,5.4,0.36,4.1,9.1,0.443,2.9,3.4,0.857,0.3,1.9,2.2,3.6,1,0.2,2.2,1.9,16.8,"LA Clippers",22.5,47.5
"106","Jordan Crawford","SG",28,"NOP",19,0,442,8.6,17.8,0.482,3,7.7,0.389,5.5,10,0.553,1.6,2.1,0.769,0.3,2.4,2.8,4.6,0.9,0.2,2,2.4,21.7,"New Orleans Pelicans",22.8,45
"107","Jae Crowder","SF",26,"BOS",72,72,2335,5.1,11.1,0.463,2.4,6.1,0.398,2.7,5,0.54,2.7,3.3,0.811,0.7,5.7,6.4,2.4,1.1,0.4,1.2,2.5,15.4,"Boston Celtics",25.2,45.4
"108","Dante Cunningham","SF",29,"NOP",66,35,1649,3.8,7.8,0.485,1.6,4,0.392,2.2,3.9,0.579,0.3,0.6,0.593,1.2,4.8,6,0.8,0.9,0.6,0.6,2.2,9.5,"New Orleans Pelicans",22.8,45
"109","Seth Curry","PG",26,"DAL",70,42,2029,6,12.5,0.481,2.4,5.7,0.425,3.6,6.8,0.528,1.5,1.8,0.85,0.4,2.7,3.2,3.4,1.4,0.1,1.6,2.2,15.9,"Dallas Mavericks",20.8,44
"110","Stephen Curry","PG",28,"GSW",79,79,2638,9.2,19.7,0.468,4.4,10.8,0.411,4.8,8.9,0.537,4.4,4.9,0.898,0.8,4,4.8,7.2,1.9,0.2,3.3,2.5,27.3,"Golden State Warriors",30.4,49.5
"111","Troy Daniels","SG",25,"MEM",67,3,1183,5.6,15.1,0.374,4.2,10.8,0.389,1.4,4.3,0.336,1.3,1.6,0.796,0.7,2.4,3,1.4,0.6,0.1,1.4,2.7,16.8,"Memphis Grizzlies",21.3,43.5
"112","Anthony Davis","C",23,"NOP",75,75,2708,10.2,20.3,0.505,0.5,1.8,0.299,9.7,18.5,0.524,6.9,8.6,0.802,2.3,9.5,11.8,2.1,1.2,2.2,2.4,2.2,27.9,"New Orleans Pelicans",22.8,45
"113","Deyonta Davis","C",20,"MEM",36,0,238,3.6,7.1,0.511,0,0,NA,3.6,7.1,0.511,1.5,2.7,0.556,3,6.1,9.1,0.3,0.5,2.6,1.2,6.1,8.8,"Memphis Grizzlies",21.3,43.5
"114","Ed Davis","PF",27,"POR",46,12,789,3.4,6.5,0.528,0,0,NA,3.4,6.5,0.528,2.3,3.7,0.617,4.4,6.8,11.1,1.2,0.7,1,1.7,6.3,9.1,"Portland Trail Blazers",21.1,45.9
"115","Dewayne Dedmon","C",27,"SAS",76,37,1330,4.4,7,0.622,0,0,NA,4.4,7,0.622,1.8,2.5,0.699,3.5,9.9,13.4,1.2,1,1.7,1.7,4.9,10.5,"San Antonio Spurs",23.8,46.9
"116","Sam Dekker","SF",22,"HOU",77,2,1419,5.2,10.9,0.473,1.5,4.7,0.321,3.6,6.1,0.591,1,1.7,0.559,2.4,4.8,7.2,1.9,1,0.5,1,2.1,12.8,"Houston Rockets",25.2,46.2
"117","Malcolm Delaney","PG",27,"ATL",73,2,1248,4.2,11.2,0.374,0.7,3.2,0.236,3.4,8,0.428,2.2,2.7,0.806,0.3,3.3,3.5,5.6,1.1,0,2.7,3.2,11.3,"Atlanta Hawks",23.6,45.1
"118","Matthew Dellavedova","PG",26,"MIL",76,54,1986,3.8,9.7,0.39,1.4,3.9,0.367,2.3,5.8,0.404,1.5,1.7,0.854,0.4,2.2,2.7,6.5,1,0,2.4,2.8,10.5,"Milwaukee Bucks",24.2,47.4
"119","Luol Deng","SF",31,"LAL",56,49,1486,4,10.3,0.387,1.2,4,0.309,2.7,6.3,0.436,1.1,1.5,0.73,1.5,5.6,7.1,1.8,1.2,0.5,1,1.5,10.3,"Los Angeles Lakers",20.9,45
"120","DeMar DeRozan","SG",27,"TOR",74,74,2620,9.9,21.2,0.467,0.5,1.7,0.266,9.5,19.5,0.484,7.5,8.9,0.842,1,4.3,5.3,4,1.1,0.2,2.5,1.8,27.8,"Toronto Raptors",18.5,46.4
"121","Cheick Diallo","PF",20,"NOP",17,0,199,6.5,13.7,0.474,0,0,NA,6.5,13.7,0.474,2.7,3.8,0.714,4.2,9,13.2,0.7,0.7,1.3,1.3,3.1,15.7,"New Orleans Pelicans",22.8,45
"122","Boris Diaw","PF",34,"UTA",73,33,1283,4.1,9.2,0.446,0.6,2.3,0.247,3.5,6.9,0.512,0.7,1,0.743,1.3,3.1,4.4,4.8,0.5,0.3,2.4,2.3,9.5,"Utah Jazz",20.1,46.6
"123","Gorgui Dieng","PF",27,"MIN",82,82,2653,4.5,9,0.502,0.2,0.6,0.372,4.3,8.4,0.511,1.8,2.3,0.814,2.6,6.2,8.8,2.1,1.2,1.3,1.5,3.4,11.1,"Minnesota Timberwolves",23.7,46.7
"124","Spencer Dinwiddie","PG",23,"BRK",59,18,1334,3.6,8.1,0.444,1,2.7,0.376,2.6,5.4,0.478,3.4,4.3,0.792,0.7,3.7,4.4,5,1.2,0.6,1.8,3.2,11.7,"Brooklyn Nets",21.4,44.4
"125","Toney Douglas","PG",30,"MEM",24,0,394,3.9,10.7,0.368,0.6,3.8,0.167,3.3,6.9,0.48,2.2,2.6,0.828,1.2,4.4,5.6,5.1,1.6,0.5,1.9,4.6,10.7,"Memphis Grizzlies",21.3,43.5
"126","Goran Dragic","PG",30,"MIA",73,73,2459,7.8,16.5,0.475,1.7,4.2,0.405,6.1,12.2,0.499,4.4,5.5,0.79,0.9,3.2,4.1,6.2,1.3,0.2,3.1,2.9,21.7,"Miami Heat",21.2,45.5
"127","Andre Drummond","C",23,"DET",81,81,2409,7.2,13.6,0.53,0,0.1,0.286,7.2,13.5,0.532,2,5.3,0.386,5.2,11.5,16.7,1.3,1.9,1.3,2.3,3.5,16.5,"Detroit Pistons",21.1,44.9
"128","Jared Dudley","PF",31,"PHO",64,7,1362,4.1,9.1,0.454,2,5.4,0.379,2.1,3.8,0.559,1.1,1.7,0.662,0.8,5.1,5.9,3.2,1.1,0.4,1.9,4.1,11.5,"Phoenix Suns",19.6,45
"129","Mike Dunleavy","SF",36,"CLE",23,2,366,3.5,8.9,0.4,2,5.6,0.351,1.6,3.2,0.485,1.4,1.9,0.737,0.5,4.1,4.6,2,0.6,0.2,1.4,3.1,10.4,"Cleveland Cavaliers",22.7,47
"130","Mike Dunleavy","SF",36,"ATL",30,0,475,4.3,9.9,0.438,2.5,5.8,0.429,1.8,4,0.453,1.7,2,0.846,1,4.2,5.2,2.3,0.7,0.4,1.1,2.7,12.8,"Atlanta Hawks",23.6,45.1
"131","Kris Dunn","PG",22,"MIN",78,7,1333,3.2,8.5,0.377,0.6,2,0.288,2.6,6.5,0.404,1,1.6,0.61,0.6,3.8,4.5,5.1,2.1,1,2.4,4.8,7.9,"Minnesota Timberwolves",23.7,46.7
"132","Kevin Durant","SF",28,"GSW",62,62,2070,9.6,17.8,0.537,2,5.4,0.375,7.5,12.4,0.608,5.8,6.7,0.875,0.7,8.2,8.9,5.2,1.1,1.7,2.4,2,27,"Golden State Warriors",30.4,49.5
"133","Jarell Eddie","SF",25,"PHO",5,0,62,3.5,11,0.316,2.3,9.3,0.25,1.2,1.7,0.667,4.6,5.2,0.889,0.6,3.5,4.1,0,0.6,0,0.6,0.6,13.9,"Phoenix Suns",19.6,45
"134","Henry Ellenson","PF",20,"DET",19,2,146,5.7,15.8,0.359,2.5,8.6,0.286,3.2,7.2,0.448,1,2,0.5,2,8.1,10.1,1.7,0.2,0.2,3.5,1.5,14.8,"Detroit Pistons",21.1,44.9
"135","Wayne Ellington","SG",29,"MIA",62,13,1500,5.5,13.3,0.416,3.6,9.5,0.378,2,3.9,0.509,0.9,1,0.86,0.4,2.7,3.2,1.7,0.8,0.1,0.7,1.7,15.6,"Miami Heat",21.2,45.5
"136","Monta Ellis","SG",31,"IND",74,33,1998,4.5,10,0.443,0.8,2.4,0.319,3.7,7.6,0.483,1.7,2.3,0.727,0.3,3.3,3.7,4.3,1.4,0.5,2.4,2.7,11.4,"Indiana Pacers",22.5,46.5
"137","Joel Embiid","C",22,"PHI",31,31,786,9.2,19.6,0.466,1.6,4.5,0.367,7.5,15.2,0.495,8.7,11.2,0.783,2.8,8.3,11.1,3,1.2,3.5,5.4,5.1,28.7,"Philadelphia 76ers",23.8,44.2
"138","James Ennis","SF",26,"MEM",64,28,1501,3.5,7.7,0.455,1.2,3.3,0.372,2.3,4.4,0.516,2.1,2.6,0.782,1.7,4.6,6.2,1.5,1.1,0.5,1.4,4,10.3,"Memphis Grizzlies",21.3,43.5
"139","Tyler Ennis","PG",22,"HOU",31,0,196,4.6,11.8,0.391,1.1,2.9,0.375,3.5,8.8,0.396,0.4,0.6,0.667,0.7,2.8,3.5,6.2,1.1,0,4.4,5.3,10.7,"Houston Rockets",25.2,46.2
"140","Tyler Ennis","PG",22,"LAL",22,2,392,6,13.2,0.451,1.9,5,0.389,4,8.3,0.489,1.7,2,0.864,0.5,1.9,2.4,4.8,1.7,0.2,1.9,2.7,15.6,"Los Angeles Lakers",20.9,45
"141","Tyreke Evans","SF",27,"NOP",26,0,474,6.9,17.2,0.401,1.6,5.3,0.3,5.3,11.9,0.446,3.4,4.4,0.776,0.5,6.1,6.5,6.9,1.7,0.3,3,3.1,18.8,"New Orleans Pelicans",22.8,45
"142","Tyreke Evans","SF",27,"SAC",14,6,314,6.8,16.4,0.413,2.4,5.5,0.438,4.4,10.9,0.4,2.8,3.9,0.706,0.8,5,5.8,3.8,1.4,0.6,2.5,2.2,18.7,"Sacramento Kings",22.5,46.1
"143","Dante Exum","PG",21,"UTA",66,26,1228,4.5,10.6,0.427,1.3,4.4,0.295,3.3,6.3,0.519,1.7,2.1,0.795,0.9,3,3.9,3.3,0.6,0.4,2.3,4.3,12.1,"Utah Jazz",20.1,46.6
"144","Kenneth Faried","PF",27,"DEN",61,34,1296,6.3,11.6,0.548,0,0.2,0,6.3,11.4,0.556,3.6,5.2,0.693,5.1,7.7,12.8,1.5,1.2,1.1,1.6,3.4,16.3,"Denver Nuggets",25.3,46.9
"145","Jordan Farmar","PG",30,"SAC",2,0,35,4.1,12.3,0.333,4.1,9.3,0.444,0,3.1,0,0,0,NA,1,2.1,3.1,9.3,2.1,0,3.1,1,12.3,"Sacramento Kings",22.5,46.1
"146","Derrick Favors","PF",25,"UTA",50,39,1186,6.2,12.7,0.487,0.1,0.3,0.3,6.1,12.4,0.491,2,3.3,0.615,2.8,6.5,9.3,1.7,1.4,1.2,1.8,3.1,14.4,"Utah Jazz",20.1,46.6
"147","Kay Felder","PG",21,"CLE",42,0,386,5.8,14.7,0.392,0.7,2.1,0.318,5.1,12.7,0.404,3.3,4.6,0.714,0.3,3.5,3.8,5.4,1.7,0.7,2.8,3.5,15.5,"Cleveland Cavaliers",22.7,47
"148","Cristiano Felicio","C",24,"CHI",66,0,1040,4.4,7.7,0.579,0,0,NA,4.4,7.7,0.579,2.1,3.2,0.645,4.3,6.5,10.8,1.4,0.9,0.6,1.1,3.8,10.9,"Chicago Bulls",22.6,44.4
"149","Raymond Felton","PG",32,"LAC",80,11,1700,4.7,10.9,0.43,1,3,0.319,3.7,7.8,0.473,1.1,1.4,0.781,0.7,3.9,4.6,4,1.4,0.5,1.8,2.6,11.4,"LA Clippers",22.5,47.5
"150","Yogi Ferrell","PG",23,"BRK",10,0,151,4.3,11.7,0.367,1.9,6.4,0.296,2.4,5.2,0.455,2.4,3.8,0.625,1,1.9,2.9,4.1,0.5,0.5,3.3,2.6,12.9,"Brooklyn Nets",21.4,44.4
"151","Yogi Ferrell","PG",23,"DAL",36,29,1046,4.9,11.9,0.412,2.1,5.1,0.403,2.8,6.7,0.418,2.2,2.5,0.877,0.6,2.9,3.4,5.3,1.4,0.2,1.9,2.7,14,"Dallas Mavericks",20.8,44
"152","Dorian Finney-Smith","PF",23,"DAL",81,35,1642,2.7,7.3,0.372,1.2,4.2,0.293,1.5,3.1,0.479,1,1.3,0.754,1.2,3.7,4.9,1.5,1.1,0.5,1,2.7,7.7,"Dallas Mavericks",20.8,44
"153","Bryn Forbes","SG",23,"SAS",36,0,285,4.5,12.5,0.364,2.1,6.7,0.321,2.4,5.8,0.413,0.6,0.8,0.833,0.3,2.7,2.9,2.9,0.1,0,1.4,2.5,11.9,"San Antonio Spurs",23.8,46.9
"154","Evan Fournier","SG",24,"ORL",68,66,2234,6.6,15,0.439,2.1,5.8,0.356,4.5,9.2,0.491,3.6,4.5,0.805,0.7,2.7,3.4,3.3,1.1,0.1,2.3,2.9,18.8,"Orlando Magic",22.2,44
"155","Randy Foye","SG",33,"BRK",69,40,1284,3.3,9.1,0.363,1.9,5.7,0.33,1.4,3.4,0.418,1.5,1.8,0.857,0.3,4.1,4.3,3.8,1,0.3,2.2,2.8,10,"Brooklyn Nets",21.4,44.4
"156","Tim Frazier","PG",26,"NOP",65,35,1525,3.8,9.5,0.403,0.9,3,0.313,2.9,6.5,0.446,2.3,3,0.76,0.8,3.3,4.1,7.9,1.3,0.1,2.4,3.1,11,"New Orleans Pelicans",22.8,45
"157","Channing Frye","C",33,"CLE",74,15,1398,6.1,13.4,0.458,3.5,8.6,0.409,2.6,4.8,0.546,1.6,1.9,0.851,1,6.5,7.5,1.2,0.8,1,1.4,3.6,17.4,"Cleveland Cavaliers",22.7,47
"158","Danilo Gallinari","SF",28,"DEN",63,63,2134,5.7,12.7,0.447,2.1,5.5,0.389,3.5,7.2,0.491,5.9,6.5,0.902,0.7,4.8,5.5,2.3,0.7,0.3,1.4,1.6,19.3,"Denver Nuggets",25.3,46.9
"159","Langston Galloway","PG",25,"NOP",55,0,1120,5.3,14.2,0.374,3.2,8.6,0.377,2.1,5.6,0.37,1.3,1.7,0.769,0.6,3.2,3.9,2.1,1.3,0.2,0.9,2.4,15.1,"New Orleans Pelicans",22.8,45
"160","Langston Galloway","PG",25,"SAC",19,2,375,4,10,0.404,1.8,3.8,0.475,2.2,6.1,0.359,1.1,1.2,0.917,0.7,2.7,3.4,2.7,0.6,0.1,1.7,1.9,10.9,"Sacramento Kings",22.5,46.1
"161","Patricio Garino","SG",23,"ORL",5,0,43,0,5.9,0,0,4.2,0,0,1.7,0,0,0,NA,0.8,5,5.9,0,0,0,2.5,3.3,0,"Orlando Magic",22.2,44
"162","Marc Gasol","C",32,"MEM",74,74,2531,7.6,16.5,0.459,1.5,3.8,0.388,6.1,12.7,0.48,4,4.7,0.837,0.9,5.7,6.6,4.8,1,1.4,2.4,2.4,20.6,"Memphis Grizzlies",21.3,43.5
"163","Pau Gasol","C",36,"SAS",64,39,1627,6.7,13.4,0.502,1.2,2.3,0.538,5.5,11.1,0.494,2.9,4.1,0.707,2.4,8.7,11.1,3.3,0.5,1.5,1.8,2.4,17.5,"San Antonio Spurs",23.8,46.9
"164","Rudy Gay","SF",30,"SAC",30,30,1013,7.1,15.7,0.455,1.5,4,0.372,5.7,11.7,0.483,4.2,4.9,0.855,1.2,5.5,6.8,2.9,1.6,0.9,2.6,2.8,20,"Sacramento Kings",22.5,46.1
"165","Michael Gbinije","SG",24,"DET",9,0,32,1.1,11.3,0.1,0,4.5,0,1.1,6.8,0.167,2.3,2.3,1,2.3,1.1,3.4,2.3,0,0,0,2.3,4.5,"Detroit Pistons",21.1,44.9
"166","Alonzo Gee","SF",29,"DEN",13,0,89,1.2,5.7,0.214,0,1.2,0,1.2,4.4,0.273,2,3.6,0.556,1.6,4.4,6.1,2.4,2,0.4,1.6,5.7,4.4,"Denver Nuggets",25.3,46.9
"167","Paul George","SF",26,"IND",75,75,2689,8.3,18,0.461,2.6,6.6,0.393,5.7,11.4,0.501,4.5,5,0.898,0.8,5.8,6.6,3.4,1.6,0.4,2.9,2.8,23.8,"Indiana Pacers",22.5,46.5
"168","Marcus Georges-Hunt","SG",22,"ORL",5,0,48,1.5,5.2,0.286,0.7,1.5,0.5,0.7,3.7,0.2,6.8,7.5,0.9,0.7,6,6.8,2.3,0.7,0,1.5,3.7,10.5,"Orlando Magic",22.2,44
"169","Jonathan Gibson","PG",29,"DAL",17,0,231,5.5,14.8,0.368,2.3,7,0.333,3.1,7.8,0.4,3.3,4.5,0.724,0.2,3.3,3.4,4.1,1.2,0,3.3,3.3,16.5,"Dallas Mavericks",20.8,44
"170","Taj Gibson","PF",31,"CHI",55,55,1502,6.6,12.7,0.521,0,0.3,0.167,6.6,12.4,0.529,2,2.9,0.714,2.9,6.3,9.2,1.4,0.6,1.2,1.8,2.9,15.3,"Chicago Bulls",22.6,44.4
"171","Taj Gibson","PF",31,"OKC",23,16,487,6.6,13.2,0.497,0.1,0.1,1,6.5,13.2,0.494,2.1,2.9,0.718,2.8,4.8,7.6,1,1,1.1,2.1,3,15.3,"Oklahoma City Thunder",21,45.2
"172","Manu Ginobili","SG",39,"SAS",69,0,1291,4.8,12.2,0.39,2.5,6.3,0.392,2.3,5.9,0.387,2.4,3,0.804,0.8,3.6,4.4,5.1,2.3,0.4,2.7,3.3,14.4,"San Antonio Spurs",23.8,46.9
"173","Rudy Gobert","C",24,"UTA",81,81,2744,5.4,8.2,0.661,0,0,0,5.4,8.2,0.662,4.1,6.2,0.653,4.1,9.5,13.6,1.3,0.6,2.8,1.9,3.2,14.9,"Utah Jazz",20.1,46.6
"174","Archie Goodwin","SG",22,"NOP",3,0,30,2.4,6,0.4,1.2,2.4,0.5,1.2,3.6,0.333,12,12,1,0,0,0,1.2,0,1.2,0,1.2,18,"New Orleans Pelicans",22.8,45
"175","Archie Goodwin","SG",22,"BRK",12,0,184,6.7,11.9,0.557,0.8,2.5,0.308,5.9,9.4,0.625,4.5,6.3,0.719,1.4,4.1,5.5,4.5,0.8,0.8,2.7,1.4,18.6,"Brooklyn Nets",21.4,44.4
"176","Aaron Gordon","SF",21,"ORL",80,72,2298,6.2,13.6,0.454,1.2,4.2,0.288,5,9.4,0.528,2.4,3.4,0.719,1.8,4.5,6.3,2.3,1,0.6,1.4,2.7,16,"Orlando Magic",22.2,44
"177","Eric Gordon","SG",28,"HOU",75,15,2323,6.4,15.7,0.406,3.8,10.2,0.372,2.6,5.5,0.468,2.3,2.7,0.84,0.4,2.7,3.1,2.9,0.7,0.6,1.9,2.3,18.9,"Houston Rockets",25.2,46.2
"178","Marcin Gortat","C",32,"WAS",82,82,2556,5.5,9.5,0.579,0,0,0,5.5,9.5,0.58,1.5,2.2,0.648,3.4,8.6,12,1.7,0.6,0.9,1.7,3,12.4,"Washington Wizards",23.9,47.5
"179","Treveon Graham","SG",23,"CHO",27,1,189,3.6,7.6,0.475,1.7,2.9,0.6,1.9,4.8,0.4,1.9,2.9,0.667,1,3.2,4.2,1.1,1.1,0.2,0.6,3.4,10.9,"Charlotte Hornets",23.1,44.2
"180","Jerami Grant","SF",22,"PHI",2,0,41,5.3,14.9,0.353,0,1.8,0,5.3,13.2,0.4,3.5,7,0.5,0,5.3,5.3,0,0,3.5,2.6,4.4,14,"Philadelphia 76ers",23.8,44.2
"181","Jerami Grant","SF",22,"OKC",78,4,1490,3.5,7.5,0.469,1,2.8,0.377,2.5,4.8,0.523,2.1,3.4,0.619,0.9,3.9,4.8,1.1,0.8,1.8,1,3.5,10.2,"Oklahoma City Thunder",21,45.2
"182","Jerian Grant","PG",24,"CHI",63,28,1028,4.5,10.5,0.425,1.7,4.7,0.366,2.8,5.8,0.473,2.3,2.6,0.89,0.6,3.3,3.9,4.2,1.6,0.3,1.5,3.3,13,"Chicago Bulls",22.6,44.4
"183","Danny Green","SG",29,"SAS",68,68,1807,3.5,8.9,0.392,2.4,6.2,0.379,1.2,2.7,0.42,0.5,0.6,0.844,0.6,3.8,4.5,2.5,1.4,1.1,1.5,2.4,9.9,"San Antonio Spurs",23.8,46.9
"184","Draymond Green","PF",26,"GSW",76,76,2471,4,9.5,0.418,1.2,3.8,0.308,2.8,5.6,0.494,2.2,3.1,0.709,1.4,7.3,8.7,7.8,2.2,1.5,2.7,3.2,11.3,"Golden State Warriors",30.4,49.5
"185","Gerald Green","SF",31,"BOS",47,0,538,6.4,15.5,0.409,2.6,7.4,0.351,3.7,8.1,0.463,2.2,2.7,0.805,1.1,4.6,5.6,2.2,0.6,0.5,1.7,3.2,17.5,"Boston Celtics",25.2,45.4
"186","JaMychal Green","PF",26,"MEM",77,75,2101,4.3,8.6,0.5,0.9,2.5,0.379,3.3,6.1,0.549,2.3,2.9,0.802,2.9,6.5,9.3,1.4,0.8,0.6,1.6,4.2,11.8,"Memphis Grizzlies",21.3,43.5
"187","Jeff Green","PF",30,"ORL",69,11,1534,5.2,13.1,0.394,1.2,4.5,0.275,3.9,8.6,0.458,3.4,3.9,0.863,0.9,4.1,5,1.9,0.9,0.3,1.8,2.4,15,"Orlando Magic",22.2,44
"188","Blake Griffin","PF",27,"LAC",61,61,2076,8.3,16.8,0.493,0.7,2,0.336,7.6,14.9,0.514,5.5,7.3,0.76,1.9,6.7,8.6,5.2,1,0.4,2.5,2.7,22.8,"LA Clippers",22.5,47.5
"189","Justin Hamilton","C",26,"BRK",64,7,1177,5.3,11.6,0.459,1.7,5.5,0.306,3.6,6.1,0.598,1.2,1.6,0.75,2.2,5.8,8,1.7,0.9,1.3,1.3,2.8,13.5,"Brooklyn Nets",21.4,44.4
"190","A.J. Hammons","C",24,"DAL",22,0,163,3.8,9.3,0.405,1.1,2.2,0.5,2.7,7.1,0.375,2,4.4,0.45,1.8,6.2,8,0.9,0.2,2.9,2.2,4.6,10.6,"Dallas Mavericks",20.8,44
"191","Tim Hardaway","SG",24,"ATL",79,30,2154,6.9,15.2,0.455,2.5,7,0.357,4.4,8.3,0.537,2.7,3.6,0.766,0.6,3.2,3.7,3,0.9,0.3,1.8,1.7,19.1,"Atlanta Hawks",23.6,45.1
"192","James Harden","PG",27,"HOU",81,81,2947,8.2,18.7,0.44,3.2,9.2,0.347,5,9.5,0.53,9.1,10.8,0.847,1.2,6.9,8.1,11.1,1.5,0.5,5.7,2.6,28.8,"Houston Rockets",25.2,46.2
"193","Maurice Harkless","SF",23,"POR",77,69,2223,5.1,10.1,0.503,1.1,3.1,0.351,4,7,0.572,1.2,2,0.621,2,3.5,5.5,1.4,1.4,1.1,1.4,3.5,12.5,"Portland Trail Blazers",21.1,45.9
"194","Justin Harper","PF",27,"PHI",3,0,31,5.8,13.9,0.417,2.3,8.1,0.286,3.5,5.8,0.6,0,0,NA,2.3,3.5,5.8,2.3,0,0,4.6,2.3,13.9,"Philadelphia 76ers",23.8,44.2
"195","Montrezl Harrell","C",23,"HOU",58,14,1064,7.6,11.7,0.652,0,0.2,0.143,7.6,11.4,0.663,2.6,4.1,0.628,2.7,4.7,7.4,2.2,0.7,1.4,1.5,4.3,17.8,"Houston Rockets",25.2,46.2
"196","Devin Harris","PG",33,"DAL",65,0,1087,4.5,11.3,0.399,1.9,5.9,0.328,2.6,5.4,0.476,3.5,4.3,0.829,0.4,3.8,4.2,4.5,1.4,0.2,1.9,3.3,14.5,"Dallas Mavericks",20.8,44
"197","Gary Harris","SG",22,"DEN",57,56,1782,6.5,12.9,0.502,2.2,5.2,0.42,4.3,7.7,0.558,2.1,2.7,0.776,1,2.6,3.6,3.3,1.4,0.2,1.5,1.9,17.2,"Denver Nuggets",25.3,46.9
"198","Joe Harris","SG",25,"BRK",52,11,1138,4.9,11.5,0.425,2.7,7,0.385,2.2,4.5,0.489,1.1,1.6,0.714,0.5,4.1,4.7,1.7,0.9,0.3,1.7,3.8,13.5,"Brooklyn Nets",21.4,44.4
"199","Manny Harris","SG",27,"DAL",4,0,25,4.3,21.6,0.2,0,2.9,0,4.3,18.7,0.231,2.9,5.8,0.5,4.3,8.6,13,2.9,0,0,2.9,1.4,11.5,"Dallas Mavericks",20.8,44
"200","Tobias Harris","PF",24,"DET",82,48,2567,7.2,14.9,0.481,1.5,4.4,0.347,5.6,10.5,0.537,2.7,3.2,0.841,0.9,5,5.8,2,0.8,0.5,1.3,1.9,18.5,"Detroit Pistons",21.1,44.9
"201","Aaron Harrison","SG",22,"CHO",5,0,17,0,8.5,0,0,4.2,0,0,4.2,0,2.1,4.2,0.5,0,6.4,6.4,6.4,0,0,0,4.2,2.1,"Charlotte Hornets",23.1,44.2
"202","Andrew Harrison","PG",22,"MEM",72,18,1474,2.9,8.8,0.325,1.1,3.8,0.276,1.8,5,0.363,3.6,4.7,0.763,0.6,2.8,3.3,4.8,1.3,0.5,2.1,4.7,10.4,"Memphis Grizzlies",21.3,43.5
"203","Udonis Haslem","C",36,"MIA",16,0,130,3,6.4,0.478,0,0.8,0,3,5.5,0.55,2.5,4.2,0.6,2.2,7.8,10,1.7,1.7,0.3,2.2,6.1,8.6,"Miami Heat",21.2,45.5
"204","Spencer Hawes","PF",28,"CHO",35,1,626,6,12.5,0.477,0.9,3.2,0.291,5.1,9.4,0.54,1.7,2,0.882,1.8,6.6,8.4,3.6,0.7,1.5,2.3,3.5,14.6,"Charlotte Hornets",23.1,44.2
"205","Spencer Hawes","PF",28,"MIL",19,0,171,6.3,12.4,0.508,1.9,5.5,0.346,4.4,6.9,0.636,2.9,3.8,0.778,1.3,8.2,9.5,4,0.4,0.8,1.9,3.4,17.5,"Milwaukee Bucks",24.2,47.4
"206","Gordon Hayward","SF",26,"UTA",73,73,2516,7.8,16.5,0.471,2.1,5.4,0.398,5.7,11.2,0.506,5.2,6.1,0.844,0.7,4.9,5.6,3.6,1,0.3,2,1.7,22.9,"Utah Jazz",20.1,46.6
"207","Gerald Henderson","SG",29,"PHI",72,41,1667,5.1,11.9,0.423,1.3,3.7,0.353,3.7,8.2,0.455,2.9,3.6,0.806,0.7,3.3,4,2.4,0.9,0.3,1.3,2.8,14.3,"Philadelphia 76ers",23.8,44.2
"208","John Henson","C",26,"MIL",58,39,1123,5.1,9.9,0.515,0,0,0,5.1,9.9,0.516,2.4,3.4,0.692,2.9,6.5,9.5,1.8,0.9,2.5,1.7,4.8,12.6,"Milwaukee Bucks",24.2,47.4
"209","Juan Hernangomez","PF",21,"DEN",62,9,842,4.3,9.6,0.451,2,4.8,0.407,2.4,4.7,0.495,2.4,3.2,0.75,1.8,6.2,8,1.2,1.3,0.5,1.3,2.7,13,"Denver Nuggets",25.3,46.9
"210","Willy Hernangomez","C",22,"NYK",72,22,1324,6.7,12.6,0.529,0.1,0.4,0.267,6.6,12.2,0.538,2.5,3.4,0.728,4.6,9,13.6,2.6,1.1,1,2.7,4.1,16,"New York Knicks",21.8,44.7
"211","Mario Hezonja","SF",21,"ORL",65,2,960,4.4,12.4,0.355,1.6,5.4,0.299,2.8,7,0.398,1.5,1.9,0.8,0.7,4.7,5.5,2.3,1.1,0.6,2.2,2.8,11.9,"Orlando Magic",22.2,44
"212","Roy Hibbert","C",30,"CHO",42,13,671,4.2,7.7,0.542,0,0,NA,4.2,7.7,0.542,3.3,4,0.813,2.8,5.2,8,1.1,0.4,2.4,1.7,5.2,11.6,"Charlotte Hornets",23.1,44.2
"213","Roy Hibbert","C",30,"DEN",6,0,11,6.5,9.8,0.667,0,0,NA,6.5,9.8,0.667,0,0,NA,3.3,3.3,6.5,3.3,0,6.5,3.3,9.8,13.1,"Denver Nuggets",25.3,46.9
"214","Buddy Hield","SG",23,"NOP",57,37,1161,5.7,14.6,0.393,2.8,7.5,0.369,3,7.1,0.417,0.9,1,0.879,0.6,4.6,5.1,2.4,0.6,0.2,1.5,2.5,15.1,"New Orleans Pelicans",22.8,45
"215","Buddy Hield","SG",23,"SAC",25,18,727,7,14.7,0.48,2.9,6.8,0.428,4.1,7.8,0.525,1.7,2.1,0.814,0.8,4.3,5.1,2.2,1,0.1,2.6,1.7,18.7,"Sacramento Kings",22.5,46.1
"216","Nene Hilario","C",34,"HOU",67,8,1198,7.4,11.9,0.617,0.1,0.3,0.333,7.3,11.7,0.624,3.5,5.9,0.589,2.9,5.6,8.5,2,1.7,1.2,2.2,4.9,18.3,"Houston Rockets",25.2,46.2
"217","George Hill","PG",30,"UTA",49,49,1544,6.7,14.1,0.477,2.2,5.4,0.403,4.5,8.7,0.523,3.7,4.6,0.801,0.5,3.4,3.9,4.8,1.2,0.3,2,2.7,19.3,"Utah Jazz",20.1,46.6
"218","Jordan Hill","C",29,"MIN",7,0,47,3.8,10,0.385,0,0,NA,3.8,10,0.385,1.5,1.5,1,6.1,4.6,10.7,0,0.8,0,3.1,6.9,9.2,"Minnesota Timberwolves",23.7,46.7
"219","Solomon Hill","SF",25,"NOP",80,71,2374,2.8,7.2,0.383,1.4,4.1,0.348,1.3,3.2,0.428,1.6,1.9,0.805,0.8,3.9,4.7,2.1,1.1,0.5,1.2,2.8,8.5,"New Orleans Pelicans",22.8,45
"220","Darrun Hilliard","SG",23,"DET",39,1,381,4.4,11.9,0.373,1.1,4.3,0.261,3.3,7.6,0.438,2,2.6,0.75,0.2,2.9,3.1,3.1,1,0.2,2.6,3.7,12,"Detroit Pistons",21.1,44.9
"221","Jrue Holiday","PG",26,"NOP",67,61,2190,6.7,14.7,0.454,1.6,4.6,0.356,5,10.1,0.498,2,2.8,0.708,0.8,3.6,4.3,8,1.6,0.7,3.2,2.2,16.9,"New Orleans Pelicans",22.8,45
"222","Justin Holiday","SG",27,"NYK",82,4,1639,5.1,11.8,0.433,2.1,6,0.355,3,5.8,0.513,1.4,1.8,0.825,0.6,4.3,4.9,2.2,1.4,0.7,1.4,2.4,13.8,"New York Knicks",21.8,44.7
"223","Rondae Hollis-Jefferson","SF",22,"BRK",78,50,1761,4.8,11.1,0.434,0.3,1.4,0.224,4.5,9.7,0.463,3.9,5.2,0.751,2,7.3,9.2,3.1,1.7,0.9,2.4,3.6,13.8,"Brooklyn Nets",21.4,44.4
"224","Richaun Holmes","C",23,"PHI",57,17,1193,6.9,12.4,0.558,0.8,2.3,0.351,6.1,10.1,0.606,2.2,3.1,0.699,2.8,6.5,9.4,1.8,1.3,1.7,1.7,4.1,16.9,"Philadelphia 76ers",23.8,44.2
"225","Rodney Hood","SG",24,"UTA",59,55,1593,6.1,15.1,0.408,2.6,6.9,0.371,3.6,8.1,0.44,2,2.6,0.783,0.4,4.2,4.6,2.2,0.9,0.2,1.5,3,16.9,"Utah Jazz",20.1,46.6
"226","Al Horford","C",30,"BOS",68,68,2193,6.2,13.1,0.473,1.4,4,0.355,4.8,9.2,0.524,1.8,2.2,0.8,1.6,6.1,7.6,5.5,0.9,1.4,1.9,2.3,15.6,"Boston Celtics",25.2,45.4
"227","Danuel House","SG",23,"WAS",1,0,1,0,0,NA,0,0,NA,0,0,NA,0,0,NA,0,36,36,0,0,0,0,0,0,"Washington Wizards",23.9,47.5
"228","Dwight Howard","C",31,"ATL",74,74,2199,6.4,10,0.633,0,0,0,6.4,10,0.635,3.7,6.9,0.533,4.8,10.5,15.4,1.7,1,1.5,2.8,3.3,16.4,"Atlanta Hawks",23.6,45.1
"229","Marcelo Huertas","PG",33,"LAL",23,1,237,3.8,10.3,0.368,0.6,2.9,0.211,3.2,7.4,0.429,1.4,2.6,0.529,0.3,3.3,3.6,7.9,1.5,0.3,2.9,2.4,9.6,"Los Angeles Lakers",20.9,45
"230","Josh Huestis","PF",25,"OKC",2,0,31,7,12.8,0.545,2.3,4.6,0.5,4.6,8.1,0.571,0,1.2,0,4.6,5.8,10.5,3.5,0,3.5,0,0,16.3,"Oklahoma City Thunder",21,45.2
"231","Kris Humphries","PF",31,"ATL",56,4,689,4.5,11.2,0.407,1,2.8,0.352,3.6,8.4,0.425,3.3,4.3,0.78,3.1,7.6,10.8,1.5,0.8,1.1,1.5,3.6,13.4,"Atlanta Hawks",23.6,45.1
"232","R.J. Hunter","SG",23,"CHI",3,0,9,0,4,0,0,4,0,0,0,NA,0,0,NA,0,4,4,0,0,0,0,0,0,"Chicago Bulls",22.6,44.4
"233","Serge Ibaka","PF",27,"ORL",56,56,1710,7.2,14.8,0.488,1.7,4.5,0.388,5.5,10.3,0.532,1.6,1.9,0.846,2.1,5.9,8,1.3,0.7,1.9,1.4,2.9,17.8,"Orlando Magic",22.2,44
"234","Serge Ibaka","PF",27,"TOR",23,23,712,6.5,14.1,0.459,2.1,5.2,0.398,4.4,8.9,0.494,1.5,1.7,0.882,1.5,6.4,7.9,0.8,0.4,1.7,2,3.8,16.5,"Toronto Raptors",18.5,46.4
"235","Andre Iguodala","SF",33,"GSW",76,0,1998,3.9,7.5,0.528,1.2,3.2,0.362,2.8,4.3,0.651,1.3,1.8,0.706,0.9,4.6,5.5,4.7,1.4,0.7,1,1.7,10.3,"Golden State Warriors",30.4,49.5
"236","Ersan Ilyasova","PF",29,"OKC",3,0,62,3.5,9.3,0.375,1.7,7,0.25,1.7,2.3,0.75,0,0,NA,1.2,8.1,9.3,0.6,1.7,0.6,2.3,2.9,8.7,"Oklahoma City Thunder",21,45.2
"237","Ersan Ilyasova","PF",29,"PHI",53,40,1447,7.1,16.1,0.44,2.7,7.4,0.359,4.4,8.7,0.509,2.7,3.5,0.768,1.8,6,7.8,2.4,0.8,0.3,1.9,3.3,19.6,"Philadelphia 76ers",23.8,44.2
"238","Ersan Ilyasova","PF",29,"ATL",26,12,633,5.3,12.9,0.412,1.8,5.2,0.348,3.5,7.6,0.455,3,3.7,0.8,2.4,6.2,8.6,2.4,1.3,0.5,1.9,4.2,15.4,"Atlanta Hawks",23.6,45.1
"239","Joe Ingles","SF",29,"UTA",82,26,1972,3.7,8.2,0.452,2.2,5.1,0.441,1.5,3.1,0.471,0.9,1.2,0.735,0.4,4.3,4.8,4.1,1.8,0.1,2,3,10.6,"Utah Jazz",20.1,46.6
"240","Brandon Ingram","SF",19,"LAL",79,40,2279,4.4,10.8,0.402,0.9,3,0.294,3.5,7.9,0.443,2.1,3.4,0.621,0.9,4,5,2.6,0.8,0.6,1.8,2.5,11.7,"Los Angeles Lakers",20.9,45
"241","Kyrie Irving","PG",24,"CLE",72,72,2525,9.6,20.2,0.473,2.5,6.3,0.401,7,14,0.505,4.2,4.7,0.905,0.7,2.5,3.3,6,1.2,0.3,2.6,2.2,25.9,"Cleveland Cavaliers",22.7,47
"242","Jarrett Jack","PG",33,"NOP",2,0,33,2.2,3.3,0.667,0,1.1,0,2.2,2.2,1,2.2,2.2,1,0,0,0,5.5,2.2,0,3.3,4.4,6.5,"New Orleans Pelicans",22.8,45
"243","Demetrius Jackson","PG",22,"BOS",5,0,17,6.4,8.5,0.75,2.1,2.1,1,4.2,6.4,0.667,6.4,12.7,0.5,4.2,4.2,8.5,6.4,0,0,0,0,21.2,"Boston Celtics",25.2,45.4
"244","Pierre Jackson","PG",25,"DAL",8,1,84,5.6,16.7,0.333,1.3,4.7,0.273,4.3,12,0.357,2.6,3,0.857,0.4,3.4,3.9,8.1,0.9,0,1.3,2.1,15,"Dallas Mavericks",20.8,44
"245","Reggie Jackson","PG",26,"DET",52,50,1424,7.2,17.1,0.419,1.7,4.7,0.359,5.5,12.5,0.442,3,3.4,0.868,0.5,2.4,2.9,6.8,0.9,0.1,2.9,3.3,19,"Detroit Pistons",21.1,44.9
"246","LeBron James","SF",32,"CLE",74,74,2794,9.5,17.3,0.548,1.6,4.4,0.363,7.9,12.9,0.611,4.6,6.8,0.674,1.2,7,8.2,8.3,1.2,0.6,3.9,1.7,25.2,"Cleveland Cavaliers",22.7,47
"247","Al Jefferson","C",32,"IND",66,1,931,9.1,18.2,0.499,0,0,0,9.1,18.2,0.5,2.5,3.3,0.765,2.9,7.8,10.7,2.2,0.7,0.6,1.3,4.8,20.7,"Indiana Pacers",22.5,46.5
"248","Richard Jefferson","SF",36,"CLE",79,13,1614,3.4,7.7,0.446,1.4,4.1,0.333,2,3.5,0.58,1.8,2.4,0.741,0.6,3.9,4.5,1.7,0.6,0.2,1.2,3.4,10,"Cleveland Cavaliers",22.7,47
"249","John Jenkins","SG",25,"PHO",4,0,13,5.5,13.8,0.4,2.8,5.5,0.5,2.8,8.3,0.333,5.5,5.5,1,0,2.8,2.8,2.8,0,0,0,0,19.4,"Phoenix Suns",19.6,45
"250","Brandon Jennings","PG",27,"NYK",58,11,1428,4.1,10.8,0.38,1.7,5,0.34,2.4,5.8,0.415,2.6,3.4,0.756,0.5,3.3,3.8,7.2,1.4,0.1,2.7,2.1,12.5,"New York Knicks",21.8,44.7
"251","Brandon Jennings","PG",27,"WAS",23,2,374,2.8,10.2,0.274,1.1,5,0.212,1.7,5.2,0.333,1.2,1.6,0.706,0.8,3.5,4.2,10.4,1.4,0,2.1,3.1,7.8,"Washington Wizards",23.9,47.5
"252","Jonas Jerebko","PF",29,"BOS",78,6,1232,3.3,7.7,0.435,1.3,3.8,0.346,2,3.9,0.523,0.8,1.1,0.703,1.7,6.2,7.9,2.1,0.7,0.5,1.1,3.6,8.7,"Boston Celtics",25.2,45.4
"253","Amir Johnson","PF",29,"BOS",80,77,1608,4.8,8.3,0.576,0.6,1.5,0.409,4.2,6.8,0.612,1.5,2.2,0.67,2.6,5.6,8.2,3.1,1.1,1.4,1.7,4.7,11.6,"Boston Celtics",25.2,45.4
"254","Brice Johnson","PF",22,"LAC",3,0,9,8,28,0.286,0,0,NA,8,28,0.286,0,0,NA,4,8,12,4,8,4,4,0,16,"LA Clippers",22.5,47.5
"255","James Johnson","PF",29,"MIA",76,5,2085,6.4,13.3,0.479,1.5,4.4,0.34,4.9,8.9,0.548,2.6,3.7,0.707,1.1,5.4,6.5,4.8,1.3,1.5,3,3.4,16.8,"Miami Heat",21.2,45.5
"256","Joe Johnson","SF",35,"UTA",78,14,1843,5.3,12.2,0.436,2.1,5,0.411,3.3,7.2,0.454,1.2,1.5,0.818,0.6,4.1,4.7,2.8,0.7,0.4,1.3,1.8,14,"Utah Jazz",20.1,46.6
"257","Stanley Johnson","SF",20,"DET",77,1,1371,3.4,9.6,0.353,1.2,4,0.292,2.2,5.5,0.398,0.9,1.4,0.679,0.9,4,5,2.8,1.5,0.6,1.9,3.2,8.9,"Detroit Pistons",21.1,44.9
"258","Tyler Johnson","PG",24,"MIA",73,0,2178,5.9,13.6,0.433,1.5,4.1,0.372,4.4,9.5,0.46,3.2,4.2,0.768,0.8,4,4.8,3.9,1.4,0.7,1.5,2.9,16.6,"Miami Heat",21.2,45.5
"259","Wesley Johnson","SF",29,"LAC",68,3,810,3.2,8.9,0.365,1.3,5.2,0.246,2,3.6,0.537,0.5,0.8,0.647,1.2,6.9,8,1,1.3,1.3,0.8,3.7,8.3,"LA Clippers",22.5,47.5
"260","Nikola Jokic","C",21,"DEN",73,59,2038,8.7,15.1,0.578,0.8,2.5,0.324,7.9,12.6,0.628,3.3,4,0.825,3.7,8.9,12.7,6.3,1.1,1,3,3.8,21.6,"Denver Nuggets",25.3,46.9
"261","Dahntay Jones","SF",36,"CLE",1,0,12,9,24,0.375,0,6,0,9,18,0.5,9,12,0.75,3,3,6,3,0,0,3,3,27,"Cleveland Cavaliers",22.7,47
"262","Damian Jones","C",21,"GSW",10,0,85,3.4,6.8,0.5,0,0,NA,3.4,6.8,0.5,1.3,4.2,0.3,3.8,5.9,9.7,0,0.4,1.7,2.5,6.4,8,"Golden State Warriors",30.4,49.5
"263","Derrick Jones","SF",19,"PHO",32,8,545,4.5,8,0.562,0.2,0.7,0.273,4.3,7.3,0.591,1.9,2.7,0.707,2.6,2.6,5.2,0.8,0.9,0.9,0.9,4.2,11.1,"Phoenix Suns",19.6,45
"264","James Jones","SF",36,"CLE",48,2,381,4.2,8.7,0.478,2.9,6.2,0.47,1.2,2.5,0.5,1.2,1.9,0.65,0.3,3.2,3.5,1.3,0.6,0.9,0.9,3.5,12.5,"Cleveland Cavaliers",22.7,47
"265","Terrence Jones","PF",25,"NOP",51,12,1264,6.6,13.9,0.472,0.5,2.1,0.253,6,11.8,0.512,2.9,4.8,0.606,1.9,6.8,8.6,1.7,1.1,1.5,1.4,1.9,16.6,"New Orleans Pelicans",22.8,45
"266","Terrence Jones","PF",25,"MIL",3,0,6,0,18,0,0,0,NA,0,18,0,0,0,NA,0,18,18,0,6,6,0,0,0,"Milwaukee Bucks",24.2,47.4
"267","Tyus Jones","PG",20,"MIN",60,0,774,3.5,8.4,0.414,1.2,3.4,0.356,2.3,5,0.454,1.5,2,0.767,0.5,2.7,3.1,7.3,2.2,0.2,1.8,2.3,9.7,"Minnesota Timberwolves",23.7,46.7
"268","DeAndre Jordan","C",28,"LAC",81,81,2570,5.8,8.1,0.714,0,0,0,5.8,8.1,0.717,2.9,6,0.482,4.2,11.4,15.6,1.3,0.7,1.9,1.6,3,14.4,"LA Clippers",22.5,47.5
"269","Cory Joseph","PG",25,"TOR",80,22,2003,5.4,11.9,0.452,0.9,2.4,0.356,4.5,9.5,0.477,1.7,2.2,0.77,0.9,3.3,4.2,4.8,1.2,0.2,1.9,2.5,13.3,"Toronto Raptors",18.5,46.4
"270","Frank Kaminsky","C",23,"CHO",75,16,1954,5.9,14.8,0.399,2.1,6.5,0.328,3.8,8.3,0.455,2.2,2.9,0.756,1.1,5.1,6.2,3,0.8,0.6,1.4,2.6,16.1,"Charlotte Hornets",23.1,44.2
"271","Enes Kanter","C",24,"OKC",72,0,1533,9.4,17.3,0.545,0.1,0.9,0.132,9.3,16.4,0.568,5.3,6.7,0.786,4.6,6.7,11.3,1.6,0.8,0.9,2.9,3.6,24.3,"Oklahoma City Thunder",21,45.2
"272","Ryan Kelly","PF",25,"ATL",16,0,110,2.6,9.2,0.286,1.3,3.3,0.4,1.3,5.9,0.222,1.6,2,0.833,0.3,5.6,5.9,2.6,1.3,1.6,1.3,1.6,8.2,"Atlanta Hawks",23.6,45.1
"273","Michael Kidd-Gilchrist","SF",23,"CHO",81,81,2349,4.5,9.5,0.477,0,0.1,0.111,4.5,9.3,0.483,2.3,3,0.784,2.4,6.3,8.7,1.7,1.2,1.2,0.9,2.9,11.4,"Charlotte Hornets",23.1,44.2
"274","Sean Kilpatrick","SG",27,"BRK",70,24,1754,6.3,15.1,0.415,2.2,6.3,0.341,4.1,8.8,0.468,4.2,5,0.843,0.5,5.3,5.7,3.2,0.9,0.1,2.8,2.4,18.9,"Brooklyn Nets",21.4,44.4
"275","Brandon Knight","SG",25,"PHO",54,5,1140,6.6,16.6,0.398,1.4,4.4,0.324,5.2,12.2,0.425,4.2,4.9,0.857,0.8,2.9,3.7,4.1,0.9,0.2,2.8,2.7,18.8,"Phoenix Suns",19.6,45
"276","Kyle Korver","SG",35,"ATL",32,21,894,4.3,9.9,0.439,2.6,6.4,0.409,1.7,3.5,0.494,1,1.1,0.889,0,3.6,3.6,3,0.9,0.5,1.6,1.9,12.3,"Atlanta Hawks",23.6,45.1
"277","Kyle Korver","SG",35,"CLE",35,1,859,5.5,11.3,0.487,4.1,8.4,0.485,1.4,2.9,0.493,0.6,0.6,0.933,0.3,3.8,4.1,1.5,0.5,0.3,1.2,2.5,15.6,"Cleveland Cavaliers",22.7,47
"278","Kosta Koufos","C",27,"SAC",71,62,1419,5.5,9.9,0.551,0,0,0,5.5,9.9,0.552,1,1.6,0.613,3,7.2,10.2,1.2,0.9,1.2,1.5,4.4,11.9,"Sacramento Kings",22.5,46.1
"279","Mindaugas Kuzminskas","SF",27,"NYK",68,5,1016,5.6,13.1,0.428,1.9,6,0.321,3.7,7.1,0.517,1.9,2.4,0.809,1.7,2.8,4.5,2.4,1,0.4,1.8,2.8,15.1,"New York Knicks",21.8,44.7
"280","Skal Labissiere","PF",20,"SAC",33,12,612,6.9,12.8,0.537,0.2,0.5,0.375,6.7,12.4,0.543,3.1,4.4,0.703,3,6.5,9.5,1.6,0.9,0.8,2.2,3.8,17,"Sacramento Kings",22.5,46.1
"281","Jeremy Lamb","SG",24,"CHO",62,5,1143,7.1,15.5,0.46,1.3,4.6,0.281,5.8,10.9,0.536,3.5,4.1,0.853,0.9,7.4,8.3,2.4,0.9,0.7,1.3,3.1,19,"Charlotte Hornets",23.1,44.2
"282","Nicolas Laprovittola","PG",27,"SAS",18,3,174,4.1,9.7,0.426,2.1,5.6,0.37,2.1,4.1,0.5,1.9,1.9,1,0.2,1.9,2.1,5.8,0.8,0.2,3.9,3.9,12.2,"San Antonio Spurs",23.8,46.9
"283","Joffrey Lauvergne","PF",25,"OKC",50,0,739,5.4,11.9,0.455,1.3,3.8,0.346,4.1,8.1,0.506,1.8,2.8,0.638,2.5,6.4,8.9,2.5,0.9,0.3,1.9,3.5,13.9,"Oklahoma City Thunder",21,45.2
"284","Joffrey Lauvergne","C",25,"CHI",20,1,241,5.5,13.7,0.402,0.9,3,0.3,4.6,10.8,0.431,1.3,2.2,0.6,3.1,7,10.2,2.8,1,0,2.4,1.8,13.3,"Chicago Bulls",22.6,44.4
"285","Zach LaVine","SG",21,"MIN",47,47,1749,6.7,14.6,0.459,2.5,6.4,0.387,4.2,8.2,0.515,2.4,2.9,0.836,0.4,2.9,3.3,2.9,0.8,0.2,1.7,2.1,18.3,"Minnesota Timberwolves",23.7,46.7
"286","Ty Lawson","PG",29,"SAC",69,24,1732,4.9,10.8,0.454,0.7,2.5,0.288,4.2,8.4,0.502,3.6,4.5,0.797,0.9,2.8,3.7,6.9,1.5,0.1,2.7,2.5,14.2,"Sacramento Kings",22.5,46.1
"287","Jake Layman","SF",22,"POR",35,1,249,3.8,12.9,0.292,1.9,7.4,0.255,1.9,5.5,0.342,1.9,2.5,0.765,0.9,2.6,3.5,1.6,1.3,0.4,1.6,3.2,11.3,"Portland Trail Blazers",21.1,45.9
"288","Courtney Lee","SG",31,"NYK",77,74,2459,4.7,10.3,0.456,1.6,3.9,0.401,3.1,6.4,0.49,1.2,1.4,0.867,0.8,3,3.8,2.6,1.2,0.4,1,2.1,12.2,"New York Knicks",21.8,44.7
"289","David Lee","PF",33,"SAS",79,10,1477,6,10.2,0.59,0,0,NA,6,10.2,0.59,1.9,2.8,0.708,3.6,7.1,10.7,3,0.8,1,2,3,14,"San Antonio Spurs",23.8,46.9
"290","Alex Len","C",23,"PHO",77,34,1560,5.3,10.7,0.497,0.1,0.3,0.25,5.2,10.4,0.503,3.5,4.8,0.721,3.6,8.2,11.8,1,0.9,2.3,2.4,5.6,14.1,"Phoenix Suns",19.6,45
"291","Kawhi Leonard","SF",25,"SAS",74,74,2474,9.3,19.1,0.485,2.1,5.6,0.38,7.1,13.5,0.529,6.8,7.8,0.88,1.2,5.1,6.3,3.8,1.9,0.8,2.2,1.8,27.5,"San Antonio Spurs",23.8,46.9
"292","Meyers Leonard","PF",24,"POR",74,12,1222,4.3,11.1,0.386,2.2,6.3,0.347,2.1,4.9,0.436,1,1.2,0.875,0.8,6.2,7,2.1,0.4,0.8,1,5.1,11.8,"Portland Trail Blazers",21.1,45.9
"293","Jon Leuer","PF",27,"DET",75,34,1944,5.7,12,0.48,0.9,3.1,0.293,4.8,8.9,0.545,1.8,2.1,0.867,1.9,5.6,7.4,2.1,0.6,0.5,1.2,2.7,14.2,"Detroit Pistons",21.1,44.9
"294","Caris LeVert","SF",22,"BRK",57,26,1237,5,11.1,0.45,1.7,5.4,0.321,3.3,5.7,0.571,1.9,2.7,0.72,0.7,4.8,5.5,3.2,1.4,0.2,1.7,2.6,13.6,"Brooklyn Nets",21.4,44.4
"295","DeAndre Liggins","SG",28,"CLE",61,19,752,2.5,6.5,0.382,0.8,2.2,0.378,1.7,4.4,0.385,1.1,1.8,0.622,0.8,4,4.8,2.6,2.2,0.7,2,3.7,6.9,"Cleveland Cavaliers",22.7,47
"296","DeAndre Liggins","SG",28,"DAL",1,0,25,4.3,8.6,0.5,0,1.4,0,4.3,7.2,0.6,2.9,4.3,0.667,4.3,5.8,10.1,0,2.9,0,0,4.3,11.5,"Dallas Mavericks",20.8,44
"297","Damian Lillard","PG",26,"POR",75,75,2694,8.8,19.9,0.444,2.9,7.7,0.37,6,12.1,0.492,6.5,7.3,0.895,0.6,4.3,4.9,5.9,0.9,0.3,2.6,2,27,"Portland Trail Blazers",21.1,45.9
"298","Jeremy Lin","PG",28,"BRK",36,33,883,7.1,16.3,0.438,2.4,6.4,0.372,4.8,9.9,0.48,4.7,5.7,0.816,0.4,5.1,5.5,7.5,1.7,0.6,3.5,3.2,21.3,"Brooklyn Nets",21.4,44.4
"299","Shaun Livingston","PG",31,"GSW",76,3,1345,4.6,8.5,0.547,0,0.1,0.333,4.6,8.4,0.55,1.1,1.6,0.7,0.7,3.3,4,3.7,1,0.5,1.7,3.2,10.4,"Golden State Warriors",30.4,49.5
"300","Shawn Long","C",24,"PHI",18,0,234,9.4,16.8,0.56,1.1,2.9,0.368,8.3,13.8,0.6,2.9,5.4,0.543,6.3,6.8,13.1,2,1.4,1.4,2,7.5,22.8,"Philadelphia 76ers",23.8,44.2
"301","Kevon Looney","C",20,"GSW",53,4,447,4.5,8.6,0.523,0.2,0.7,0.222,4.3,7.9,0.551,1.7,2.7,0.618,3.5,6.4,10,2.3,1.2,1.4,1.4,5.2,10.9,"Golden State Warriors",30.4,49.5
"302","Brook Lopez","C",28,"BRK",75,75,2222,9,19,0.474,2.2,6.3,0.346,6.8,12.7,0.536,4.8,5.9,0.81,2,4.6,6.5,2.9,0.6,2,3,3.1,24.9,"Brooklyn Nets",21.4,44.4
"303","Robin Lopez","C",28,"CHI",81,81,2271,6.1,12.3,0.493,0,0,0,6.1,12.3,0.494,1.2,1.6,0.721,3.9,4.4,8.2,1.3,0.3,1.9,1.4,2.4,13.3,"Chicago Bulls",22.6,44.4
"304","Kevin Love","PF",28,"CLE",60,60,1885,7.1,16.6,0.427,2.8,7.4,0.373,4.3,9.1,0.471,4.9,5.6,0.871,2.8,9.9,12.7,2.2,1,0.4,2.3,2.4,21.8,"Cleveland Cavaliers",22.7,47
"305","Kyle Lowry","PG",30,"TOR",60,60,2244,6.8,14.7,0.464,3.1,7.5,0.412,3.7,7.2,0.518,4.8,5.9,0.819,0.8,3.8,4.6,6.7,1.4,0.3,2.8,2.7,21.6,"Toronto Raptors",18.5,46.4
"306","John Lucas III","PG",34,"MIN",5,0,11,3.3,13.1,0.25,0,3.3,0,3.3,9.8,0.333,0,0,NA,0,0,0,3.3,6.5,0,0,0,6.5,"Minnesota Timberwolves",23.7,46.7
"307","Timothe Luwawu-Cabarrot","SF",21,"PHI",69,19,1190,4.4,10.9,0.402,1.5,4.9,0.311,2.9,6.1,0.475,3.2,3.7,0.854,0.8,3.8,4.5,2.3,1,0.3,2.2,4.7,13.5,"Philadelphia 76ers",23.8,44.2
"308","Trey Lyles","PF",21,"UTA",71,4,1158,4.9,13.6,0.362,2,6.3,0.319,2.9,7.3,0.4,1.8,2.5,0.722,1.5,5.8,7.3,2.1,0.8,0.6,2,3,13.7,"Utah Jazz",20.1,46.6
"309","Sheldon Mac","SG",24,"WAS",30,3,287,3.8,9.4,0.4,0.9,3.8,0.233,2.9,5.6,0.511,2.9,3.4,0.852,0.5,3.8,4.3,1.9,1,0.3,0.6,2.1,11.3,"Washington Wizards",23.9,47.5
"310","Shelvin Mack","PG",26,"UTA",55,9,1205,5.1,11.4,0.446,1.1,3.6,0.308,4,7.8,0.51,1.6,2.3,0.688,0.6,3.1,3.7,4.6,1.3,0.1,2.7,3,12.8,"Utah Jazz",20.1,46.6
"311","Ian Mahinmi","C",30,"WAS",31,0,555,4.2,7.2,0.586,0,0,NA,4.2,7.2,0.586,2.8,4.9,0.573,3,6.7,9.7,1.2,2.1,1.6,2.2,5.8,11.2,"Washington Wizards",23.9,47.5
"312","Thon Maker","C",19,"MIL",57,34,562,5.3,11.6,0.459,1.8,4.7,0.378,3.5,6.9,0.514,2,3.1,0.653,2.6,4.7,7.3,1.5,0.6,1.7,1.1,5.4,14.5,"Milwaukee Bucks",24.2,47.4
"313","Boban Marjanovic","C",28,"DET",35,0,293,8.8,16.2,0.545,0,0,NA,8.8,16.2,0.545,5.8,7.1,0.81,5.7,10.3,16,1.1,0.7,1.5,1.2,3.1,23.5,"Detroit Pistons",21.1,44.9
"314","Jarell Martin","PF",22,"MEM",42,3,558,3.7,9.7,0.384,0.6,1.6,0.36,3.2,8.1,0.389,2.6,3.2,0.8,2.7,7.7,10.5,0.5,1.1,0.6,1.8,5.9,10.6,"Memphis Grizzlies",21.3,43.5
"315","Wesley Matthews","SG",30,"DAL",73,73,2495,4.8,12.2,0.393,2.5,6.9,0.363,2.3,5.3,0.432,2.1,2.6,0.816,0.3,3.5,3.7,3,1.1,0.2,1.5,2.3,14.2,"Dallas Mavericks",20.8,44
"316","Luc Mbah a Moute","SF",30,"LAC",80,76,1787,3.8,7.6,0.505,0.9,2.2,0.391,3,5.4,0.552,1.2,1.8,0.678,0.9,2.5,3.4,0.8,1.6,0.7,0.9,2.5,9.8,"LA Clippers",22.5,47.5
"317","James Michael McAdoo","PF",24,"GSW",52,2,457,4.9,9.2,0.53,0.2,0.6,0.25,4.7,8.6,0.55,1.7,3.3,0.5,2.7,4.5,7.2,1.4,1.4,2.3,1.5,3.7,11.6,"Golden State Warriors",30.4,49.5
"318","Patrick McCaw","SG",21,"GSW",71,20,1074,3.6,8.2,0.433,1.4,4.1,0.333,2.2,4.1,0.533,1,1.2,0.784,0.7,2.6,3.4,2.6,1.1,0.5,1.2,2.1,9.5,"Golden State Warriors",30.4,49.5
"319","C.J. McCollum","SG",25,"POR",80,80,2796,8.9,18.6,0.48,2.4,5.7,0.421,6.5,12.9,0.506,3.5,3.8,0.912,0.8,2.9,3.7,3.7,0.9,0.5,2.2,2.6,23.7,"Portland Trail Blazers",21.1,45.9
"320","T.J. McConnell","PG",24,"PHI",81,51,2133,4,8.6,0.461,0.2,0.9,0.2,3.8,7.7,0.492,1.2,1.5,0.811,0.7,3.6,4.2,9,2.3,0.2,2.7,2.3,9.4,"Philadelphia 76ers",23.8,44.2
"321","Chris McCullough","PF",21,"BRK",14,0,72,8,15.5,0.516,0.5,3,0.167,7.5,12.5,0.6,1,1.5,0.667,4.5,4,8.5,1,0.5,1,1,3.5,17.5,"Brooklyn Nets",21.4,44.4
"322","Chris McCullough","PF",21,"WAS",2,0,8,0,4.5,0,0,4.5,0,0,0,NA,4.5,9,0.5,0,9,9,0,4.5,0,4.5,0,4.5,"Washington Wizards",23.9,47.5
"323","K.J. McDaniels","SF",23,"HOU",29,0,212,5.3,11.5,0.456,1.5,4.6,0.333,3.7,7,0.537,1.5,1.7,0.9,1,4.1,5.1,0.7,1.2,1.4,1.7,4.1,13.6,"Houston Rockets",25.2,46.2
"324","K.J. McDaniels","SF",23,"BRK",20,0,293,5.7,12.4,0.455,1.4,4.8,0.282,4.3,7.6,0.565,2.8,3.4,0.821,1.1,5.3,6.4,1.1,1.5,1.2,2.3,3.1,15.5,"Brooklyn Nets",21.4,44.4
"325","Doug McDermott","SF",25,"CHI",44,4,1078,5.5,12.5,0.445,1.9,5,0.373,3.7,7.4,0.493,2,2.2,0.881,0.5,3.9,4.3,1.5,0.4,0.1,1.1,1.9,14.9,"Chicago Bulls",22.6,44.4
"326","Doug McDermott","SF",25,"OKC",22,1,430,4.7,10.4,0.452,1.8,4.9,0.362,2.9,5.5,0.53,1,1.4,0.706,0.5,3.6,4.1,1.1,0.2,0.1,0.5,1.8,12.1,"Oklahoma City Thunder",21,45.2
"327","JaVale McGee","C",29,"GSW",77,10,739,10.1,15.5,0.652,0,0.1,0,10.1,15.4,0.658,2.7,5.4,0.505,4.9,7,11.9,0.8,0.9,3.3,1.9,5.3,23,"Golden State Warriors",30.4,49.5
"328","Rodney McGruder","SG",25,"MIA",78,65,1966,3.5,8.4,0.413,1.3,4,0.332,2.1,4.4,0.488,0.8,1.3,0.62,1.7,3,4.7,2.3,0.8,0.3,1,2.6,9.1,"Miami Heat",21.2,45.5
"329","Ben McLemore","SG",23,"SAC",61,26,1176,5.5,12.8,0.43,2,5.2,0.382,3.5,7.6,0.462,2.1,2.8,0.753,0.6,3.4,3.9,1.6,0.9,0.2,1.9,3.3,15.2,"Sacramento Kings",22.5,46.1
"330","Jordan McRae","SG",25,"CLE",37,4,384,5.4,14.1,0.387,1.7,4.8,0.353,3.7,9.3,0.404,2.5,3.2,0.794,0.6,3.3,3.8,1.8,0.7,0.6,1.3,2.9,15.1,"Cleveland Cavaliers",22.7,47
"331","Josh McRoberts","PF",29,"MIA",22,14,381,4.2,11.1,0.373,1.2,2.9,0.419,2.9,8.2,0.356,0.6,0.9,0.667,2.2,4.8,7,4.7,0.9,0.4,2.2,2.9,10.1,"Miami Heat",21.2,45.5
"332","Jodie Meeks","SG",29,"ORL",36,10,738,5,12.5,0.402,2.7,6.7,0.409,2.3,5.8,0.395,3.2,3.6,0.878,0.2,3.5,3.8,2.2,1.7,0.2,1.8,2,16,"Orlando Magic",22.2,44
"333","Salah Mejri","C",30,"DAL",73,11,905,3.5,5.4,0.642,0,0.1,0.333,3.5,5.3,0.649,1.4,2.4,0.59,3.9,8.4,12.3,0.6,1.3,2.4,1.6,6,8.5,"Dallas Mavericks",20.8,44
"334","Jordan Mickey","PF",22,"BOS",25,1,141,3.8,8.7,0.441,0,0.3,0,3.8,8.4,0.455,2,3.6,0.571,3.3,5.4,8.7,1.8,0.8,1.5,2.3,3.1,9.7,"Boston Celtics",25.2,45.4
"335","Khris Middleton","SF",25,"MIL",29,23,889,6.1,13.5,0.45,1.8,4.2,0.433,4.3,9.3,0.459,3.3,3.7,0.88,0.4,4.5,5,4,1.7,0.3,2.6,3.2,17.3,"Milwaukee Bucks",24.2,47.4
"336","C.J. Miles","SF",29,"IND",76,29,1776,5.7,13.1,0.434,3.4,8.3,0.413,2.3,4.8,0.471,1.7,1.9,0.903,0.6,4,4.6,1,0.9,0.5,0.8,3.1,16.5,"Indiana Pacers",22.5,46.5
"337","Mike Miller","SF",36,"DEN",20,0,151,2.1,5.5,0.391,1.9,4.8,0.4,0.2,0.7,0.333,0.5,0.5,1,0.5,8.6,9.1,5.2,0.5,0,3.1,2.1,6.7,"Denver Nuggets",25.3,46.9
"338","Patty Mills","PG",28,"SAS",80,8,1754,5.6,12.7,0.44,3,7.3,0.414,2.6,5.5,0.474,1.4,1.6,0.825,0.5,2.4,2.9,5.7,1.3,0.1,2.1,2.2,15.6,"San Antonio Spurs",23.8,46.9
"339","Elijah Millsap","SG",29,"PHO",2,0,23,1.6,11,0.143,0,3.1,0,1.6,7.8,0.2,1.6,3.1,0.5,4.7,4.7,9.4,1.6,0,0,3.1,3.1,4.7,"Phoenix Suns",19.6,45
"340","Paul Millsap","PF",31,"ATL",69,67,2343,6.6,14.9,0.442,1.2,3.7,0.311,5.5,11.2,0.486,4.8,6.2,0.768,1.7,6.5,8.2,3.9,1.4,1,2.4,2.9,19.1,"Atlanta Hawks",23.6,45.1
"341","Nikola Mirotic","PF",25,"CHI",70,15,1679,5.5,13.4,0.413,2.8,8.1,0.342,2.8,5.3,0.52,2.1,2.7,0.773,1.3,6.9,8.2,1.6,1.1,1.2,1.7,2.7,16,"Chicago Bulls",22.6,44.4
"342","Greg Monroe","C",26,"MIL",81,0,1823,7.6,14.3,0.533,0,0.1,0,7.6,14.3,0.536,3.5,4.7,0.741,3.3,7.2,10.5,3.7,1.8,0.8,2.8,3.3,18.8,"Milwaukee Bucks",24.2,47.4
"343","E'Twaun Moore","SG",27,"NOP",73,22,1820,5.6,12.2,0.457,1.5,4.1,0.37,4.1,8.1,0.501,1.1,1.5,0.77,0.7,2.4,3,3.2,1,0.6,1.2,2.6,13.8,"New Orleans Pelicans",22.8,45
"344","Marcus Morris","SF",27,"DET",79,79,2565,5.9,14.1,0.418,1.7,5,0.331,4.3,9.1,0.466,2,2.6,0.784,1.1,4.1,5.1,2.2,0.7,0.4,1.2,2.4,15.5,"Detroit Pistons",21.1,44.9
"345","Markieff Morris","PF",27,"WAS",76,76,2374,6.2,13.5,0.457,1.1,3,0.362,5.1,10.5,0.483,2.7,3.3,0.837,1.6,5.9,7.5,1.9,1.2,0.6,2,3.9,16.1,"Washington Wizards",23.9,47.5
"346","Anthony Morrow","SG",31,"OKC",40,7,627,4.9,12.8,0.386,2,6.8,0.294,2.9,6,0.49,1.3,1.5,0.885,0.6,1,1.7,1.1,1.3,0.1,0.3,2.3,13.2,"Oklahoma City Thunder",21,45.2
"347","Anthony Morrow","SG",31,"CHI",9,0,87,5,12,0.414,2.5,5.8,0.429,2.5,6.2,0.4,4.6,4.6,1,0.4,0.4,0.8,2.5,0.8,0,0,1.7,17,"Chicago Bulls",22.6,44.4
"348","Donatas Motiejunas","PF",26,"NOP",34,0,479,4.3,10.4,0.413,0.8,3.5,0.234,3.5,6.8,0.505,1.9,3.7,0.51,2,5.6,7.6,2.4,1.4,0.8,2.3,4.1,11.3,"New Orleans Pelicans",22.8,45
"349","Timofey Mozgov","C",30,"LAL",54,52,1104,5.5,10.7,0.515,0,0,0,5.5,10.7,0.517,2.1,2.5,0.808,3.4,5.2,8.6,1.4,0.5,1,2.3,4.3,13.1,"Los Angeles Lakers",20.9,45
"350","Emmanuel Mudiay","PG",20,"DEN",55,41,1406,5.3,14.1,0.377,1.4,4.6,0.315,3.9,9.6,0.408,3.4,4.3,0.784,0.7,3.8,4.6,5.6,1,0.3,3.1,2.4,15.4,"Denver Nuggets",25.3,46.9
"351","Shabazz Muhammad","SF",24,"MIN",78,1,1516,6.8,14.2,0.482,1.2,3.4,0.338,5.7,10.8,0.528,3.5,4.5,0.774,2,3.2,5.2,0.8,0.5,0.1,1.3,2,18.3,"Minnesota Timberwolves",23.7,46.7
"352","Dejounte Murray","PG",20,"SAS",38,8,322,5.6,13,0.431,1,2.6,0.391,4.6,10.4,0.441,2.3,3.4,0.7,0.7,4,4.7,5.4,0.9,0.7,4.2,3.2,14.5,"San Antonio Spurs",23.8,46.9
"353","Jamal Murray","SG",19,"DEN",82,10,1764,6,14.9,0.404,2.3,7,0.334,3.7,7.9,0.466,2.2,2.4,0.883,0.8,3.5,4.4,3.5,1,0.5,2.3,2.5,16.6,"Denver Nuggets",25.3,46.9
"354","Mike Muscala","C",25,"ATL",70,3,1237,4.9,9.8,0.504,1.3,3.2,0.418,3.6,6.6,0.546,1.4,1.9,0.766,2.2,4.8,7,2.8,0.9,1.2,1.6,2.8,12.7,"Atlanta Hawks",23.6,45.1
"355","Larry Nance Jr.","PF",24,"LAL",63,7,1442,4.7,9,0.526,0.2,0.9,0.278,4.5,8.1,0.554,1.5,2,0.738,3,6.2,9.2,2.4,2,1,1.4,3.7,11.2,"Los Angeles Lakers",20.9,45
"356","Shabazz Napier","PG",25,"POR",53,2,512,5.1,12.9,0.399,2.4,6.5,0.37,2.7,6.4,0.429,2.7,3.4,0.776,0.6,3.7,4.3,4.7,2.3,0.1,2.9,2.7,15.3,"Portland Trail Blazers",21.1,45.9
"357","Maurice Ndour","PF",24,"NYK",32,4,331,4.2,9.4,0.453,0.1,0.8,0.143,4.1,8.6,0.481,2.1,2.8,0.731,2.4,4.6,7,0.9,1.6,0.9,1.3,3.3,10.7,"New York Knicks",21.8,44.7
"358","Gary Neal","SG",32,"ATL",2,0,18,0,14,0,0,4,0,0,10,0,8,8,1,0,2,2,2,0,0,0,2,8,"Atlanta Hawks",23.6,45.1
"359","Jameer Nelson","PG",34,"DEN",75,39,2045,4.7,10.6,0.444,1.9,4.8,0.388,2.9,5.8,0.489,0.8,1.1,0.714,0.5,2.9,3.4,6.8,1,0.1,2.3,3.5,12.1,"Denver Nuggets",25.3,46.9
"360","Raul Neto","PG",24,"UTA",40,0,346,4.3,9.5,0.451,1,3.2,0.323,3.2,6.2,0.517,0.8,0.9,0.889,0.4,2.7,3.1,3.5,2.2,0.5,1.6,5,10.4,"Utah Jazz",20.1,46.6
"361","Georges Niang","PF",23,"IND",23,0,93,3.5,13.9,0.25,0.4,4.6,0.083,3.1,9.3,0.333,0.8,0.8,1,0.8,5.8,6.6,1.9,1.2,0,1.9,2.3,8.1,"Indiana Pacers",22.5,46.5
"362","Andrew Nicholson","PF",27,"WAS",28,0,231,4.7,12,0.39,0.5,2.5,0.188,4.2,9.5,0.443,1.1,1.9,0.583,1.7,3.6,5.3,1.1,1.7,0.9,1.7,5.8,10.9,"Washington Wizards",23.9,47.5
"363","Andrew Nicholson","PF",27,"BRK",10,0,111,4.2,11,0.382,0.6,3.6,0.182,3.6,7.5,0.478,0.6,0.6,1,1.3,7.5,8.8,1,1.6,0,1.9,5.8,9.7,"Brooklyn Nets",21.4,44.4
"364","Joakim Noah","C",31,"NYK",46,46,1015,3.5,7.2,0.49,0,0,0,3.5,7.1,0.493,1.2,2.8,0.436,5.7,8.5,14.3,3.7,1.1,1.3,2.1,4.5,8.2,"New York Knicks",21.8,44.7
"365","Nerlens Noel","C",22,"PHI",29,7,564,6.8,11.2,0.611,0,0.1,0,6.8,11.1,0.615,2.7,4,0.683,2.9,6.3,9.2,1.9,2.7,1.7,1.9,4.5,16.4,"Philadelphia 76ers",23.8,44.2
"366","Nerlens Noel","C",22,"DAL",22,12,483,5.7,10,0.575,0,0,NA,5.7,10,0.575,2.5,3.6,0.708,3.5,7.7,11.2,1.5,1.6,1.8,1.6,4.1,14,"Dallas Mavericks",20.8,44
"367","Lucas Nogueira","C",24,"TOR",57,6,1088,3.4,5.2,0.66,0.1,0.4,0.25,3.3,4.8,0.694,1.5,2.2,0.657,2.7,5.4,8.1,1.4,1.7,2.9,1.5,4.5,8.4,"Toronto Raptors",18.5,46.4
"368","Steve Novak","PF",33,"MIL",8,0,22,3.3,11.5,0.286,1.6,9.8,0.167,1.6,1.6,1,0,0,NA,0,4.9,4.9,0,0,0,0,1.6,8.2,"Milwaukee Bucks",24.2,47.4
"369","Dirk Nowitzki","PF",38,"DAL",54,54,1424,7.5,17.1,0.437,2,5.3,0.378,5.5,11.9,0.463,2.5,2.8,0.875,0.6,8.3,8.9,2.1,0.8,1,1.3,2.9,19.4,"Dallas Mavericks",20.8,44
"370","Jusuf Nurkic","C",22,"DEN",45,29,807,6.7,13.3,0.507,0,0,NA,6.7,13.3,0.507,2.5,5,0.496,4,7.6,11.6,2.7,1.1,1.6,3.6,3.9,16,"Denver Nuggets",25.3,46.9
"371","Jusuf Nurkic","C",22,"POR",20,19,584,7.4,14.5,0.508,0,0.1,0,7.4,14.5,0.511,3.9,6,0.66,4,8.8,12.8,3.9,1.5,2.3,3.8,4.5,18.7,"Portland Trail Blazers",21.1,45.9
"372","David Nwaba","SG",24,"LAL",20,2,397,4.3,7.3,0.58,0.1,0.5,0.2,4.2,6.9,0.605,2.3,3.5,0.641,1.5,4.2,5.7,1.3,1.2,0.6,1,3.3,10.9,"Los Angeles Lakers",20.9,45
"373","Johnny O'Bryant","PF",23,"DEN",7,0,46,5.5,11.7,0.467,1.6,2.3,0.667,3.9,9.4,0.417,3.1,3.1,1,3.9,4.7,8.6,1.6,0,0.8,2.3,3.1,15.7,"Denver Nuggets",25.3,46.9
"374","Johnny O'Bryant","PF",23,"CHO",4,0,34,8.5,15.9,0.533,1.1,3.2,0.333,7.4,12.7,0.583,1.1,2.1,0.5,4.2,4.2,8.5,4.2,0,0,3.2,6.4,19.1,"Charlotte Hornets",23.1,44.2
"375","Kyle O'Quinn","C",26,"NYK",79,8,1229,6.3,12.1,0.521,0.1,0.5,0.118,6.2,11.6,0.538,1.9,2.4,0.771,4.6,8.3,12.9,3.4,1.1,3,2.2,5.1,14.5,"New York Knicks",21.8,44.7
"376","Daniel Ochefu","C",23,"WAS",19,0,75,5.8,13,0.444,0,0,NA,5.8,13,0.444,0,1,0,2.4,8.2,10.6,1.4,1,0,1.4,8.2,11.5,"Washington Wizards",23.9,47.5
"377","Jahlil Okafor","C",21,"PHI",50,33,1134,7.7,15,0.514,0,0,NA,7.7,15,0.514,3.4,5,0.671,2.6,5,7.6,1.8,0.6,1.6,2.9,3.9,18.7,"Philadelphia 76ers",23.8,44.2
"378","Victor Oladipo","SG",24,"OKC",67,67,2222,6.7,15.1,0.442,2.1,5.7,0.361,4.6,9.4,0.491,1.9,2.5,0.753,0.6,4.1,4.7,2.9,1.3,0.3,1.9,2.5,17.3,"Oklahoma City Thunder",21,45.2
"379","Kelly Olynyk","C",25,"BOS",75,6,1538,6.1,11.9,0.512,1.6,4.5,0.354,4.5,7.4,0.608,2.1,2.9,0.732,1.7,6.7,8.4,3.5,1,0.7,2.2,4.8,15.9,"Boston Celtics",25.2,45.4
"380","Arinze Onuaku","C",29,"ORL",8,0,28,2.6,5.1,0.5,0,0,NA,2.6,5.1,0.5,0,0,NA,2.6,5.1,7.7,2.6,0,1.3,2.6,3.9,5.1,"Orlando Magic",22.2,44
"381","Chinanu Onuaku","C",20,"HOU",5,1,52,3.5,4.8,0.714,0,0,NA,3.5,4.8,0.714,2.8,2.8,1,1.4,5.5,6.9,2.1,2.1,0.7,2.8,4.2,9.7,"Houston Rockets",25.2,46.2
"382","Kelly Oubre","SF",21,"WAS",79,5,1605,4.2,9.9,0.421,1.2,4.2,0.287,3,5.7,0.52,1.7,2.2,0.758,1.4,4.5,5.9,1.1,1.3,0.4,1.1,4.4,11.2,"Washington Wizards",23.9,47.5
"383","Zaza Pachulia","C",32,"GSW",70,70,1268,4.7,8.7,0.534,0,0.1,0,4.7,8.7,0.538,2.8,3.6,0.778,4,7.7,11.6,3.7,1.7,0.9,2.5,4.7,12.1,"Golden State Warriors",30.4,49.5
"384","Georgios Papagiannis","C",19,"SAC",22,0,355,5.7,10.3,0.549,0,0.2,0,5.7,10.1,0.56,1.2,1.4,0.857,2.4,6.3,8.7,2,0.3,1.7,2.4,4.5,12.6,"Sacramento Kings",22.5,46.1
"385","Jabari Parker","PF",21,"MIL",51,50,1728,8.3,17,0.49,1.4,3.7,0.365,7,13.2,0.525,3.4,4.5,0.743,1.6,4.9,6.5,3,1,0.5,1.9,2.3,21.4,"Milwaukee Bucks",24.2,47.4
"386","Tony Parker","PG",34,"SAS",63,63,1587,6,12.9,0.466,0.5,1.6,0.333,5.5,11.3,0.484,1.9,2.7,0.726,0.2,2.4,2.6,6.5,0.8,0,2,2.1,14.5,"San Antonio Spurs",23.8,46.9
"387","Chandler Parsons","SF",28,"MEM",34,34,675,4,11.8,0.338,1.3,5,0.269,2.7,6.9,0.388,1.9,2.3,0.814,0.3,4.2,4.5,2.9,1.1,0.3,1.3,2.8,11.2,"Memphis Grizzlies",21.3,43.5
"388","Lamar Patterson","SG",25,"ATL",5,0,40,2.7,13.5,0.2,0.9,5.4,0.167,1.8,8.1,0.222,1.8,2.7,0.667,0.9,5.4,6.3,5.4,0.9,0,3.6,5.4,8.1,"Atlanta Hawks",23.6,45.1
"389","Patrick Patterson","PF",27,"TOR",65,8,1599,3.5,8.6,0.401,2.1,5.7,0.372,1.4,2.9,0.458,1,1.4,0.717,1.4,5.2,6.6,1.7,0.9,0.5,0.9,2.7,10,"Toronto Raptors",18.5,46.4
"390","Chris Paul","PG",31,"LAC",61,61,1921,7,14.7,0.476,2.3,5.7,0.411,4.7,9.1,0.518,4.3,4.9,0.892,0.7,4.9,5.7,10.6,2.2,0.1,2.8,2.7,20.7,"LA Clippers",22.5,47.5
"391","Adreian Payne","PF",25,"MIN",18,0,135,6.1,14.4,0.426,0.8,4,0.2,5.3,10.4,0.513,3.7,5.1,0.737,2.4,6.4,8.8,1.9,2.1,1.9,2.1,8.5,16.8,"Minnesota Timberwolves",23.7,46.7
"392","Cameron Payne","PG",22,"OKC",20,0,320,4.8,14.6,0.331,1.8,5.9,0.308,3,8.8,0.346,0.5,0.5,1,0.2,3.3,3.5,4.5,1.1,0.5,1.8,4.3,11.9,"Oklahoma City Thunder",21,45.2
"393","Cameron Payne","PG",22,"CHI",11,0,142,5.3,16,0.333,2.8,8.6,0.324,2.5,7.4,0.345,0.3,1,0.25,0.3,4.1,4.3,3.8,1,0,3.3,3.5,13.7,"Chicago Bulls",22.6,44.4
"394","Elfrid Payton","PG",22,"ORL",82,58,2412,6.4,13.6,0.471,0.6,2.2,0.274,5.8,11.4,0.509,2.2,3.1,0.692,1.3,4.4,5.8,7.9,1.3,0.6,2.7,2.6,15.6,"Orlando Magic",22.2,44
"395","Gary Payton","PG",24,"MIL",6,0,99,2.9,8,0.364,0.4,3.3,0.111,2.5,4.7,0.538,1.1,1.8,0.6,0,4.4,4.4,4.7,1.1,1.5,3.6,3.3,7.3,"Milwaukee Bucks",24.2,47.4
"396","Paul Pierce","SF",39,"LAC",25,7,277,3.6,9.1,0.4,1.9,5.6,0.349,1.7,3.5,0.481,1.3,1.7,0.769,0.1,6.1,6.2,1.3,0.5,0.6,2.1,5.2,10.5,"LA Clippers",22.5,47.5
"397","Marshall Plumlee","C",24,"NYK",21,1,170,3.4,6.4,0.533,0,0,NA,3.4,6.4,0.533,1.7,4,0.421,4.9,5.9,10.8,2.1,0.8,0.8,2.5,4.9,8.5,"New York Knicks",21.8,44.7
"398","Mason Plumlee","C",26,"POR",54,54,1516,5.6,10.5,0.532,0,0.1,0,5.6,10.4,0.538,3,5.3,0.567,2.8,7.4,10.3,5.1,1.2,1.5,2.1,3.5,14.2,"Portland Trail Blazers",21.1,45.9
"399","Mason Plumlee","C",26,"DEN",27,10,632,5.6,10.3,0.547,0,0.1,0,5.6,10.3,0.55,2.7,4.3,0.618,2.8,7,9.9,4,1.1,1.7,2.6,4.4,14,"Denver Nuggets",25.3,46.9
"400","Miles Plumlee","C",28,"MIL",32,12,310,3.5,7.9,0.441,0,0,NA,3.5,7.9,0.441,2.6,4.1,0.629,2.7,3.5,6.2,2.1,1.3,1,2.6,5.6,9.5,"Milwaukee Bucks",24.2,47.4
"401","Miles Plumlee","C",28,"CHO",13,0,174,2.9,5,0.583,0,0,NA,2.9,5,0.583,0.6,0.8,0.75,3.1,5.6,8.7,0.6,1.4,0.8,1.7,5.2,6.4,"Charlotte Hornets",23.1,44.2
"402","Jakob Poeltl","C",21,"TOR",54,4,626,3.9,6.6,0.583,0,0,NA,3.9,6.6,0.583,1.8,3.3,0.544,4.5,5,9.5,0.7,1,1.2,1.7,6.5,9.5,"Toronto Raptors",18.5,46.4
"403","Otto Porter","SF",23,"WAS",80,80,2605,5.7,11.1,0.516,2,4.7,0.434,3.7,6.4,0.576,1.4,1.6,0.832,1.6,5.5,7.1,1.7,1.6,0.6,0.6,2.7,14.9,"Washington Wizards",23.9,47.5
"404","Bobby Portis","PF",21,"CHI",64,13,1000,6.6,13.5,0.488,1.2,3.5,0.333,5.4,10,0.541,1.4,2.1,0.661,2.7,8,10.7,1.3,0.6,0.4,1.3,3.4,15.7,"Chicago Bulls",22.6,44.4
"405","Kristaps Porzingis","PF",21,"NYK",66,65,2164,7.4,16.4,0.45,1.9,5.2,0.357,5.5,11.2,0.493,3.3,4.2,0.786,1.8,6.1,7.9,1.6,0.8,2.1,2,4.1,19.9,"New York Knicks",21.8,44.7
"406","Dwight Powell","C",25,"DAL",77,3,1333,5.2,10.2,0.515,0.6,2,0.284,4.7,8.2,0.571,2.9,3.8,0.759,2.5,5.8,8.3,1.3,1.6,1.1,0.9,3.6,13.9,"Dallas Mavericks",20.8,44
"407","Norman Powell","SG",23,"TOR",76,18,1368,6,13.3,0.449,1.5,4.6,0.324,4.5,8.8,0.514,3.3,4.2,0.792,0.7,3.8,4.4,2.2,1.4,0.4,1.8,3.3,16.7,"Toronto Raptors",18.5,46.4
"408","Alex Poythress","PF",23,"PHI",6,1,157,5.7,12.4,0.463,1.4,4.4,0.316,4.4,8,0.543,1.8,2.3,0.8,2.5,4.1,6.6,1.1,0.7,0.5,0.7,3.2,14.7,"Philadelphia 76ers",23.8,44.2
"409","Ronnie Price","PG",33,"PHO",14,0,134,1.1,6.4,0.167,0.8,4.6,0.176,0.3,1.9,0.143,0.8,1.1,0.75,0.8,2.1,3,4.8,3,0.3,0.8,3.8,3.8,"Phoenix Suns",19.6,45
"410","Tim Quarterman","SG",22,"POR",16,0,80,5.9,13.1,0.448,2.3,5.9,0.385,3.6,7.2,0.5,0,1.4,0,1.8,4.5,6.3,5,0.9,1.4,5,2.7,14,"Portland Trail Blazers",21.1,45.9
"411","Chasson Randle","PG",23,"PHI",8,0,74,5.8,12.6,0.462,2.9,7.3,0.4,2.9,5.4,0.545,5.8,5.8,1,0,2.4,2.4,2.9,1.5,0.5,1.5,5.4,20.4,"Philadelphia 76ers",23.8,44.2
"412","Chasson Randle","PG",23,"NYK",18,0,225,4.5,11.5,0.389,1.6,5.1,0.313,2.9,6.4,0.45,4.6,5,0.935,1,3.4,4.3,4.5,1,0.2,2.6,4.5,15.2,"New York Knicks",21.8,44.7
"413","Julius Randle","PF",22,"LAL",74,73,2132,6.4,13.1,0.488,0.3,1.1,0.27,6.1,12,0.507,3.4,4.8,0.723,2.5,8.2,10.7,4.5,0.8,0.6,2.9,4.2,16.5,"Los Angeles Lakers",20.9,45
"414","Zach Randolph","PF",35,"MEM",73,5,1786,8.7,19.4,0.449,0.4,1.9,0.223,8.3,17.5,0.474,2.8,3.9,0.731,3.7,8.4,12.1,2.5,0.8,0.2,2,2.7,20.7,"Memphis Grizzlies",21.3,43.5
"415","J.J. Redick","SG",32,"LAC",78,78,2198,6.5,14.6,0.445,3.3,7.7,0.429,3.2,6.9,0.462,2.9,3.3,0.891,0.2,2.6,2.8,1.8,0.9,0.2,1.6,2,19.2,"LA Clippers",22.5,47.5
"416","Willie Reed","C",26,"MIA",71,5,1031,5.7,10,0.568,0,0.1,0.25,5.6,9.8,0.573,1.7,3.1,0.557,4.5,7.1,11.6,0.9,0.6,1.6,1.1,4.8,13.1,"Miami Heat",21.2,45.5
"417","Josh Richardson","SG",23,"MIA",53,34,1614,4.5,11.4,0.394,1.7,5.1,0.33,2.8,6.4,0.444,1.3,1.7,0.779,0.8,3,3.7,3.1,1.3,0.9,1.4,2.9,12,"Miami Heat",21.2,45.5
"418","Malachi Richardson","SG",21,"SAC",22,0,198,5.1,12.4,0.412,1.5,5.1,0.286,3.6,7.3,0.5,2.7,3.5,0.789,0.5,3.6,4.2,2,0.9,0.2,1.5,4.2,14.4,"Sacramento Kings",22.5,46.1
"419","Austin Rivers","SG",24,"LAC",74,29,2054,5.7,12.8,0.442,1.9,5.2,0.371,3.7,7.6,0.491,2.3,3.3,0.691,0.4,2.5,2.8,3.6,0.8,0.2,2,3.3,15.6,"LA Clippers",22.5,47.5
"420","Andre Roberson","SF",25,"OKC",79,79,2376,3.3,7,0.464,0.7,2.8,0.245,2.6,4.2,0.609,0.7,1.7,0.423,1.5,4.6,6.1,1.2,1.4,1.2,0.8,3.1,7.9,"Oklahoma City Thunder",21,45.2
"421","Brian Roberts","PG",31,"CHO",41,2,416,4,10.6,0.377,1.5,3.8,0.386,2.5,6.8,0.372,2.9,3.4,0.846,0.4,2.9,3.4,4.5,0.8,0.1,2.3,1.6,12.3,"Charlotte Hornets",23.1,44.2
"422","Glenn Robinson","SF",23,"IND",69,27,1427,4,8.5,0.467,1.2,3.2,0.392,2.7,5.4,0.512,1.4,1.9,0.711,1.4,4.8,6.2,1.2,1,0.5,0.9,1.6,10.6,"Indiana Pacers",22.5,46.5
"423","Thomas Robinson","PF",25,"LAL",48,1,560,6.8,12.6,0.536,0,0.1,0,6.8,12.5,0.538,2,4.2,0.47,5.4,8.9,14.3,2,1.7,0.6,3,4.9,15.5,"Los Angeles Lakers",20.9,45
"424","Sergio Rodriguez","PG",30,"PHI",68,30,1518,5,12.7,0.392,2.2,6,0.365,2.8,6.7,0.415,0.4,0.6,0.667,0.5,3.2,3.7,8.2,1.2,0.1,3,2.3,12.6,"Philadelphia 76ers",23.8,44.2
"425","Rajon Rondo","PG",30,"CHI",69,42,1843,4.5,11,0.408,1,2.6,0.376,3.5,8.4,0.418,0.6,1,0.6,1.4,5.5,6.9,9,1.9,0.2,3.3,2.8,10.5,"Chicago Bulls",22.6,44.4
"426","Derrick Rose","PG",28,"NYK",64,64,2082,8,16.9,0.471,0.2,1,0.217,7.7,15.9,0.487,3.8,4.4,0.874,1.1,3.1,4.3,4.9,0.8,0.3,2.5,1.5,20,"New York Knicks",21.8,44.7
"427","Terrence Ross","SF",25,"TOR",54,0,1207,6.3,14.3,0.441,2.9,7.6,0.375,3.4,6.7,0.516,1.2,1.5,0.82,0.4,3.7,4.1,1.3,1.6,0.6,1,2.4,16.7,"Toronto Raptors",18.5,46.4
"428","Terrence Ross","SF",25,"ORL",24,24,748,5.5,12.9,0.431,2.2,6.5,0.341,3.3,6.4,0.523,1.1,1.3,0.852,0.2,3.1,3.3,2.1,1.6,0.6,1.7,2.9,14.4,"Orlando Magic",22.2,44
"429","Terry Rozier","PG",22,"BOS",74,0,1263,4.3,11.7,0.367,1.6,5.1,0.318,2.7,6.6,0.405,1.5,1.9,0.773,1.1,5.3,6.5,3.7,1.3,0.3,1.3,2,11.7,"Boston Celtics",25.2,45.4
"430","Ricky Rubio","PG",26,"MIN",75,75,2469,3.8,9.5,0.402,0.9,2.9,0.306,2.9,6.6,0.443,3.7,4.2,0.891,1,3.5,4.4,9.9,1.9,0.1,2.8,2.9,12.2,"Minnesota Timberwolves",23.7,46.7
"431","Damjan Rudez","SF",30,"ORL",45,0,314,3.6,10.1,0.352,2.3,7.3,0.313,1.3,2.8,0.458,0,0,NA,0.6,2.3,2.9,2.3,1.4,0.1,1,3.6,9.4,"Orlando Magic",22.2,44
"432","Brandon Rush","SG",31,"MIN",47,33,1030,2.4,6.5,0.374,1.5,4,0.386,0.9,2.6,0.356,0.5,0.6,0.722,0.6,2.9,3.5,1.6,0.8,0.8,1,1.5,6.9,"Minnesota Timberwolves",23.7,46.7
"433","D'Angelo Russell","PG",20,"LAL",63,60,1811,7,17.2,0.405,2.7,7.6,0.352,4.3,9.6,0.447,2.9,3.7,0.782,0.6,3.8,4.4,6,1.7,0.3,3.5,2.6,19.6,"Los Angeles Lakers",20.9,45
"434","Domantas Sabonis","PF",20,"OKC",81,66,1632,4.2,10.6,0.399,1.1,3.5,0.321,3.1,7.1,0.438,1,1.5,0.657,1,5.3,6.4,1.8,0.9,0.7,1.8,4.4,10.6,"Oklahoma City Thunder",21,45.2
"435","Larry Sanders","C",28,"CLE",5,0,13,2.8,11.1,0.25,0,0,NA,2.8,11.1,0.25,5.5,5.5,1,8.3,2.8,11.1,0,2.8,2.8,5.5,13.8,11.1,"Cleveland Cavaliers",22.7,47
"436","Dario Saric","PF",22,"PHI",81,36,2129,6.4,15.7,0.411,1.8,5.8,0.311,4.7,9.9,0.469,2.9,3.7,0.782,1.9,6.8,8.7,3.1,1,0.5,3.1,2.7,17.6,"Philadelphia 76ers",23.8,44.2
"437","Tomas Satoransky","SG",25,"WAS",57,3,719,3.1,7.4,0.415,0.5,1.9,0.243,2.6,5.5,0.473,1.2,1.7,0.697,1.3,2.9,4.2,4.6,1.3,0.3,1.9,3,7.7,"Washington Wizards",23.9,47.5
"438","Dennis Schroder","PG",23,"ATL",79,78,2485,7.9,17.6,0.451,1.4,4.3,0.34,6.5,13.3,0.487,3.2,3.7,0.855,0.6,3,3.6,7.2,1.1,0.2,3.7,2.2,20.5,"Atlanta Hawks",23.6,45.1
"439","Luis Scola","PF",36,"BRK",36,1,461,5.5,11.8,0.47,1.3,3.9,0.34,4.2,7.9,0.535,2,2.9,0.676,4,6.9,10.9,2.9,1.1,0.3,2.7,4.9,14.4,"Brooklyn Nets",21.4,44.4
"440","Mike Scott","PF",28,"ATL",18,0,195,3.1,10.9,0.288,0.7,5,0.148,2.4,5.9,0.406,1.3,1.5,0.875,1.8,5,6.8,3.1,0.7,0.6,1.5,2.2,8.3,"Atlanta Hawks",23.6,45.1
"441","Thabo Sefolosha","SF",32,"ATL",62,42,1596,3.9,8.9,0.441,0.9,2.7,0.342,3,6.2,0.484,1.2,1.7,0.733,1.2,4.9,6.1,2.4,2.2,0.7,1.3,2.2,10,"Atlanta Hawks",23.6,45.1
"442","Wayne Selden","SG",22,"NOP",3,3,47,3.8,6.1,0.625,3.1,5.4,0.571,0.8,0.8,1,1.5,3.1,0.5,0,3.8,3.8,0.8,1.5,0,2.3,4.6,12.3,"New Orleans Pelicans",22.8,45
"443","Wayne Selden","SG",22,"MEM",11,2,189,3.8,9.5,0.4,0.6,4,0.143,3.2,5.5,0.586,2.3,3.4,0.667,0.2,1.9,2.1,2.3,0.8,0.2,1.7,2.3,10.5,"Memphis Grizzlies",21.3,43.5
"444","Kevin Seraphin","PF",27,"IND",49,3,559,7,12.8,0.551,0,0.1,0,7,12.6,0.556,0.9,1.4,0.636,2.6,6.5,9.1,1.5,0.5,1.3,1.9,4.3,14.9,"Indiana Pacers",22.5,46.5
"445","Ramon Sessions","PG",30,"CHO",50,1,811,4.4,11.7,0.38,0.9,2.8,0.339,3.5,8.9,0.393,4,5.2,0.771,0.5,2.8,3.2,5.7,1.2,0.1,2,1.9,13.8,"Charlotte Hornets",23.1,44.2
"446","Iman Shumpert","SG",26,"CLE",76,31,1937,3.7,9.1,0.411,1.7,4.9,0.36,2,4.2,0.469,1.3,1.7,0.789,0.7,3.3,4.1,2,1.2,0.5,1.4,2.8,10.5,"Cleveland Cavaliers",22.7,47
"447","Pascal Siakam","PF",22,"TOR",55,38,859,4.3,8.6,0.502,0,0.3,0.143,4.3,8.3,0.515,0.9,1.3,0.688,2.7,5.1,7.8,0.7,1.1,1.9,1.4,4.6,9.6,"Toronto Raptors",18.5,46.4
"448","Jonathon Simmons","SG",27,"SAS",78,8,1392,4.6,10.9,0.42,0.8,2.6,0.294,3.8,8.2,0.461,2.6,3.4,0.75,0.5,3.6,4.1,3.3,1.2,0.6,2,3.8,12.5,"San Antonio Spurs",23.8,46.9
"449","Kyle Singler","SF",28,"OKC",32,2,385,3.2,7.8,0.41,0.7,3.5,0.189,2.5,4.3,0.587,1.2,1.6,0.765,0.7,3.7,4.5,0.8,0.7,0.5,1,2.7,8.2,"Oklahoma City Thunder",21,45.2
"450","Marcus Smart","SG",22,"BOS",79,24,2399,4,11.2,0.359,1.4,5,0.283,2.6,6.3,0.42,3,3.8,0.812,1.2,3.4,4.6,5.5,1.9,0.5,2.4,2.9,12.5,"Boston Celtics",25.2,45.4
"451","Ish Smith","PG",28,"DET",81,32,1955,6.1,13.8,0.439,0.5,1.9,0.267,5.5,11.9,0.467,1.3,1.9,0.706,0.4,3.9,4.3,7.7,1.1,0.6,2.1,2.3,14,"Detroit Pistons",21.1,44.9
"452","J.R. Smith","SG",31,"CLE",41,35,1187,3.7,10.8,0.346,2.9,8.2,0.351,0.8,2.6,0.329,0.3,0.5,0.667,0.5,2.9,3.4,1.9,1.2,0.3,0.8,2.3,10.6,"Cleveland Cavaliers",22.7,47
"453","Jason Smith","C",30,"WAS",74,3,1068,5.9,11.1,0.529,1.2,2.6,0.474,4.6,8.5,0.546,1.2,1.7,0.686,2.2,6.5,8.7,1.2,0.7,1.8,2,5.7,14.2,"Washington Wizards",23.9,47.5
"454","Tony Snell","SG",25,"MIL",80,80,2336,3.8,8.3,0.455,2.2,5.5,0.406,1.6,2.9,0.548,0.7,0.9,0.81,0.3,3.5,3.8,1.5,0.8,0.2,0.8,1.9,10.5,"Milwaukee Bucks",24.2,47.4
"455","Marreese Speights","C",29,"LAC",82,2,1286,6.8,15.3,0.445,2.9,7.8,0.372,3.9,7.6,0.52,3.4,3.8,0.876,2.5,8,10.4,1.8,0.6,1.1,1.9,6.4,19.9,"LA Clippers",22.5,47.5
"456","Tiago Splitter","C",32,"PHI",8,0,76,6.6,14.7,0.452,0.9,2.8,0.333,5.7,11.8,0.48,4.3,5.2,0.818,3.8,6.6,10.4,1.9,0.5,0.5,2.8,3.8,18.5,"Philadelphia 76ers",23.8,44.2
"457","Nik Stauskas","SG",23,"PHI",80,27,2188,4.1,10.4,0.396,2.2,5.9,0.368,2,4.5,0.433,2,2.5,0.813,0.3,3.4,3.7,3.1,0.7,0.5,2.1,2.4,12.4,"Philadelphia 76ers",23.8,44.2
"458","Lance Stephenson","SG",26,"NOP",6,0,162,5.8,12.2,0.473,0.2,2.2,0.1,5.6,10,0.556,1.1,1.8,0.625,0.7,3.3,4,6.4,0.4,0.2,2.4,4,12.9,"New Orleans Pelicans",22.8,45
"459","Lance Stephenson","SG",26,"MIN",6,0,67,5.4,11.3,0.476,0,1.1,0,5.4,10.2,0.526,0.5,1.1,0.5,0,5.4,5.4,2.7,0,0,2.1,1.1,11.3,"Minnesota Timberwolves",23.7,46.7
"460","Lance Stephenson","SG",26,"IND",6,0,132,4.9,12,0.409,1.4,2.2,0.625,3.5,9.8,0.361,0.5,0.8,0.667,0.3,6.3,6.5,6.8,0.8,0.5,3,3.3,11.7,"Indiana Pacers",22.5,46.5
"461","Jarnell Stokes","C",23,"DEN",2,0,7,5.1,5.1,1,0,0,NA,5.1,5.1,1,5.1,10.3,0.5,5.1,5.1,10.3,10.3,5.1,0,0,15.4,15.4,"Denver Nuggets",25.3,46.9
"462","Diamond Stone","C",19,"LAC",7,0,24,4.5,19.5,0.231,0,0,NA,4.5,19.5,0.231,6,6,1,1.5,7.5,9,0,0,1.5,3,7.5,15,"LA Clippers",22.5,47.5
"463","Rodney Stuckey","PG",30,"IND",39,0,696,4.7,12.6,0.373,1,3.1,0.317,3.7,9.5,0.391,4.1,5.5,0.748,0.3,4,4.3,4.3,0.8,0,2.7,2.3,14.5,"Indiana Pacers",22.5,46.5
"464","Jared Sullinger","PF",24,"TOR",11,1,118,4.6,14.3,0.319,0.9,5.5,0.167,3.7,8.8,0.414,1.2,2.4,0.5,3.1,5.2,8.2,0.9,1.2,0.3,1.2,5.2,11.3,"Toronto Raptors",18.5,46.4
"465","Edy Tavares","C",24,"ATL",1,0,4,9,9,1,0,0,NA,9,9,1,0,18,0,0,9,9,0,0,0,0,0,18,"Atlanta Hawks",23.6,45.1
"466","Edy Tavares","C",24,"CLE",1,0,24,4.5,6,0.75,0,0,NA,4.5,6,0.75,0,1.5,0,6,9,15,1.5,0,9,3,4.5,9,"Cleveland Cavaliers",22.7,47
"467","Isaiah Taylor","PG",22,"HOU",4,0,52,0.7,4.8,0.143,0,1.4,0,0.7,3.5,0.2,0.7,1.4,0.5,0.7,1.4,2.1,2.1,0.7,0.7,0,4.2,2.1,"Houston Rockets",25.2,46.2
"468","Jeff Teague","PG",28,"IND",82,82,2657,5.4,12.3,0.442,1.2,3.4,0.357,4.2,8.9,0.475,4.9,5.6,0.867,0.4,4,4.5,8.7,1.4,0.4,2.9,2.2,17,"Indiana Pacers",22.5,46.5
"469","Mirza Teletovic","PF",31,"MIL",70,2,1133,5,13.3,0.373,3.3,9.7,0.341,1.7,3.6,0.46,1.1,1.4,0.778,0.3,4.8,5.1,1.5,0.4,0.4,1.2,3.5,14.3,"Milwaukee Bucks",24.2,47.4
"470","Garrett Temple","SG",30,"SAC",65,21,1728,3.8,9,0.424,1.7,4.6,0.373,2.1,4.4,0.476,1.2,1.5,0.784,0.7,3.2,3.8,3.5,1.7,0.6,1.6,2.9,10.5,"Sacramento Kings",22.5,46.1
"471","Jason Terry","SG",39,"MIL",74,0,1365,2.8,6.4,0.432,1.9,4.5,0.427,0.8,1.9,0.444,0.6,0.8,0.828,0.4,2.4,2.8,2.6,1.2,0.5,0.9,2.5,8.1,"Milwaukee Bucks",24.2,47.4
"472","Isaiah Thomas","PG",27,"BOS",76,76,2569,9.6,20.6,0.463,3.4,9.1,0.379,6.1,11.6,0.528,8.3,9.1,0.909,0.6,2.3,2.9,6.3,1,0.2,2.9,2.3,30.8,"Boston Celtics",25.2,45.4
"473","Lance Thomas","PF",28,"NYK",46,15,968,3.6,9.1,0.398,1.4,3.2,0.447,2.2,5.9,0.371,1.6,1.9,0.843,1.2,4.1,5.3,1.3,0.8,0.2,0.9,3.2,10.2,"New York Knicks",21.8,44.7
"474","Hollis Thompson","SG",25,"PHI",31,1,561,4.2,10.2,0.415,1.7,4.6,0.366,2.6,5.6,0.455,0.8,1.3,0.65,1,4.4,5.4,1.7,0.9,0.4,0.6,3.5,11,"Philadelphia 76ers",23.8,44.2
"475","Hollis Thompson","SG",25,"NOP",9,8,191,2.1,7.7,0.268,1.1,4.5,0.25,0.9,3.2,0.294,1.1,1.7,0.667,0.8,4.5,5.3,1.7,1.1,0,0.4,2.6,6.4,"New Orleans Pelicans",22.8,45
"476","Klay Thompson","SG",26,"GSW",78,78,2649,8.8,18.7,0.468,3.6,8.8,0.414,5.1,9.9,0.516,2.5,3,0.853,0.7,3.2,3.9,2.2,0.9,0.5,1.7,1.9,23.7,"Golden State Warriors",30.4,49.5
"477","Tristan Thompson","C",25,"CLE",78,78,2336,4,6.7,0.6,0,0,0,4,6.7,0.604,1.6,3.3,0.498,4.4,6.6,11,1.2,0.6,1.3,1,2.7,9.7,"Cleveland Cavaliers",22.7,47
"478","Marcus Thornton","SG",29,"WAS",33,1,575,5.3,13.1,0.4,1.8,5,0.35,3.5,8.1,0.431,1.4,1.7,0.852,1.4,3.4,4.8,2.6,1.2,0.2,1.6,3,13.7,"Washington Wizards",23.9,47.5
"479","Mike Tobey","C",22,"CHO",2,0,25,1.4,5.8,0.25,0,0,NA,1.4,5.8,0.25,0,0,NA,2.9,1.4,4.3,1.4,0,0,1.4,2.9,2.9,"Charlotte Hornets",23.1,44.2
"480","Anthony Tolliver","PF",31,"SAC",65,9,1477,3.8,8.6,0.442,2.2,5.6,0.391,1.6,2.9,0.537,1.5,2,0.744,1.2,4.5,5.8,1.9,0.8,0.5,1.4,2.7,11.2,"Sacramento Kings",22.5,46.1
"481","Axel Toupane","SF",24,"MIL",2,0,6,0,6,0,0,6,0,0,0,NA,0,0,NA,0,0,0,0,0,0,0,6,0,"Milwaukee Bucks",24.2,47.4
"482","Axel Toupane","SF",24,"NOP",2,0,41,4.4,7,0.625,0.9,2.6,0.333,3.5,4.4,0.8,0,0,NA,0,0.9,0.9,0,0.9,0.9,0,4.4,9.7,"New Orleans Pelicans",22.8,45
"483","Karl-Anthony Towns","C",21,"MIN",82,82,3030,9.5,17.6,0.542,1.2,3.3,0.367,8.3,14.3,0.582,4.2,5.1,0.832,3.5,8.4,12,2.6,0.7,1.2,2.5,2.9,24.5,"Minnesota Timberwolves",23.7,46.7
"484","P.J. Tucker","SF",31,"PHO",57,17,1627,3.3,7.8,0.415,1,3,0.338,2.2,4.8,0.463,1.3,1.7,0.792,2.1,5.5,7.6,1.6,1.9,0.3,1.2,3.2,8.9,"Phoenix Suns",19.6,45
"485","P.J. Tucker","SF",31,"TOR",24,4,609,3.1,7.6,0.406,1.4,3.5,0.4,1.7,4,0.412,0.7,0.9,0.688,1.4,6.3,7.6,1.5,1.8,0.3,0.8,3.1,8.2,"Toronto Raptors",18.5,46.4
"486","Evan Turner","SF",28,"POR",65,12,1658,5.1,12,0.426,0.7,2.6,0.263,4.4,9.4,0.47,1.8,2.2,0.825,0.8,4.6,5.4,4.5,1.2,0.5,2.2,2.6,12.7,"Portland Trail Blazers",21.1,45.9
"487","Myles Turner","C",20,"IND",81,81,2541,6.3,12.3,0.511,0.6,1.6,0.348,5.7,10.7,0.536,3.5,4.3,0.809,2,6.4,8.3,1.5,1,2.4,1.5,3.7,16.6,"Indiana Pacers",22.5,46.5
"488","Beno Udrih","PG",34,"DET",39,0,560,5.9,12.7,0.467,0.7,2.1,0.344,5.2,10.6,0.491,2.1,2.2,0.941,0.4,3.3,3.7,8.4,0.8,0,2.3,1.9,14.6,"Detroit Pistons",21.1,44.9
"489","Tyler Ulis","PG",21,"PHO",61,15,1123,5.9,14,0.421,0.7,2.5,0.266,5.2,11.5,0.455,1.8,2.3,0.775,0.6,2.4,3,7.2,1.5,0.2,2.5,2.3,14.2,"Phoenix Suns",19.6,45
"490","Jarrod Uthoff","PF",23,"DAL",9,0,115,5,11.9,0.421,0.9,2.8,0.333,4.1,9.1,0.448,1.6,2.2,0.714,2.5,4.4,6.9,2.8,0.6,1.3,0.9,2.5,12.5,"Dallas Mavericks",20.8,44
"491","Jonas Valanciunas","C",24,"TOR",80,80,2066,6.8,12.2,0.557,0,0,0.5,6.8,12.2,0.557,3.1,3.8,0.811,3.9,9.3,13.2,1,0.6,1.1,1.8,3.8,16.7,"Toronto Raptors",18.5,46.4
"492","Denzel Valentine","SG",23,"CHI",57,0,976,3.8,10.6,0.354,2.7,7.7,0.351,1.1,3,0.363,0.5,0.7,0.778,0.4,5.2,5.6,2.3,1.1,0.3,1.8,3.2,10.7,"Chicago Bulls",22.6,44.4
"493","Fred VanVleet","PG",22,"TOR",37,0,294,4.8,13.6,0.351,1.3,3.6,0.379,3.4,10,0.341,2.2,2.7,0.818,0.5,4.7,5.1,4.3,2,0.4,1.8,4.4,13.1,"Toronto Raptors",18.5,46.4
"494","Anderson Varejao","C",34,"GSW",14,1,92,2,5.5,0.357,0,0,NA,2,5.5,0.357,3.1,4.3,0.727,4.7,5.9,10.6,3.9,1.2,1.2,3.1,6.3,7,"Golden State Warriors",30.4,49.5
"495","Greivis Vasquez","PG",30,"BRK",3,0,39,1.8,7.4,0.25,0.9,2.8,0.333,0.9,4.6,0.2,1.8,2.8,0.667,0,1.8,1.8,4.6,0.9,0.9,0.9,5.5,6.5,"Brooklyn Nets",21.4,44.4
"496","Rashad Vaughn","SG",20,"MIL",41,2,458,4.5,12.3,0.365,2,6.4,0.321,2.4,5.9,0.413,0.2,0.4,0.4,0.3,3.5,3.9,1.8,1.5,0.8,1.1,2.5,11.2,"Milwaukee Bucks",24.2,47.4
"497","Noah Vonleh","PF",21,"POR",74,41,1265,3.7,7.7,0.481,0.2,0.6,0.35,3.5,7.1,0.492,1.7,2.7,0.638,3.7,7.3,11,0.9,0.9,0.8,1.8,4.4,9.3,"Portland Trail Blazers",21.1,45.9
"498","Nikola Vucevic","C",26,"ORL",75,55,2163,8,17.2,0.468,0.4,1.2,0.307,7.7,15.9,0.481,1.8,2.7,0.669,2.9,10,13,3.5,1.3,1.2,1.9,3,18.2,"Orlando Magic",22.2,44
"499","Sasha Vujacic","SG",32,"NYK",42,4,408,3.7,12,0.309,2,6.5,0.311,1.7,5.5,0.306,1.5,2.1,0.708,1.1,4.1,5.2,4.6,1.1,0.2,1.4,3.4,10.9,"New York Knicks",21.8,44.7
"500","Dwyane Wade","SG",35,"CHI",60,59,1792,8.3,19.2,0.434,0.9,2.9,0.31,7.4,16.3,0.456,4.5,5.6,0.794,1.3,4.2,5.4,4.6,1.7,0.8,2.8,2.3,22,"Chicago Bulls",22.6,44.4
"501","Dion Waiters","SG",25,"MIA",46,43,1384,7.3,17.2,0.424,2.2,5.6,0.395,5.1,11.7,0.438,2.1,3.3,0.646,0.5,3.5,4,5.2,1.1,0.5,2.7,2.5,19,"Miami Heat",21.2,45.5
"502","Kemba Walker","PG",26,"CHO",79,79,2739,8.5,19,0.444,3.2,7.9,0.399,5.3,11.1,0.476,4,4.7,0.847,0.6,3.5,4,5.7,1.1,0.3,2.2,1.6,24.1,"Charlotte Hornets",23.1,44.2
"503","John Wall","PG",26,"WAS",78,78,2836,8.2,18.2,0.451,1.1,3.5,0.327,7.1,14.8,0.48,5.4,6.7,0.801,0.7,3.4,4.1,10.5,2,0.6,4.1,1.9,22.9,"Washington Wizards",23.9,47.5
"504","Taurean Waller-Prince","SF",22,"ATL",59,10,981,4.2,10.5,0.4,1.2,3.7,0.324,3,6.7,0.443,2.7,3.4,0.787,0.9,4.8,5.8,2,1.6,1,2.2,3.5,12.3,"Atlanta Hawks",23.6,45.1
"505","T.J. Warren","SF",23,"PHO",66,59,2048,7.1,14.3,0.495,0.5,1.7,0.265,6.6,12.6,0.527,2.1,2.7,0.773,2.2,3.8,6,1.3,1.3,0.7,1,3.1,16.7,"Phoenix Suns",19.6,45
"506","C.J. Watson","PG",32,"ORL",62,9,1012,3.4,8.8,0.387,1.1,3.7,0.305,2.3,5.1,0.448,2,2.3,0.864,0.6,2.6,3.2,4.1,1.5,0.1,1.7,3,10,"Orlando Magic",22.2,44
"507","Briante Weber","PG",24,"GSW",7,0,46,3.9,11,0.357,0,2.3,0,3.9,8.6,0.455,1.6,2.3,0.667,0,3.1,3.1,3.9,2.3,0.8,2.3,3.1,9.4,"Golden State Warriors",30.4,49.5
"508","Briante Weber","PG",24,"CHO",13,0,159,4.5,10.4,0.435,0.2,1.6,0.143,4.3,8.8,0.487,2,2.9,0.692,1.8,3.2,5,3.6,2,0,1.1,2.7,11.3,"Charlotte Hornets",23.1,44.2
"509","David West","C",36,"GSW",68,0,854,5.7,10.6,0.536,0.1,0.3,0.375,5.6,10.3,0.541,1.8,2.4,0.768,2,6.6,8.6,6.4,1.8,2,3.3,4.4,13.3,"Golden State Warriors",30.4,49.5
"510","Russell Westbrook","PG",28,"OKC",81,81,2802,10.6,24.9,0.425,2.6,7.5,0.343,8,17.4,0.459,9.1,10.8,0.845,1.8,9.3,11.1,10.8,1.7,0.4,5.6,2.4,32.9,"Oklahoma City Thunder",21,45.2
"511","Okaro White","PF",24,"MIA",35,0,471,2.5,6.6,0.379,0.9,2.6,0.353,1.6,4.1,0.396,1.5,1.7,0.909,1.9,4.4,6.3,1.6,0.8,0.8,1.4,4,7.5,"Miami Heat",21.2,45.5
"512","Isaiah Whitehead","PG",21,"BRK",73,26,1643,4.5,11.1,0.402,1,3.3,0.295,3.5,7.9,0.446,2,2.5,0.805,0.7,3.3,4,4.2,0.9,0.8,3.1,3.8,11.9,"Brooklyn Nets",21.4,44.4
"513","Hassan Whiteside","C",27,"MIA",77,77,2513,7.8,13.9,0.557,0,0,NA,7.8,13.9,0.557,3.2,5.1,0.628,4.2,11.4,15.6,0.8,0.8,2.3,2.2,3.2,18.8,"Miami Heat",21.2,45.5
"514","Andrew Wiggins","SF",21,"MIN",82,82,3048,8.4,18.5,0.452,1.2,3.4,0.356,7.2,15.1,0.473,4.9,6.4,0.76,1.2,2.7,3.9,2.2,1,0.4,2.2,2.2,22.8,"Minnesota Timberwolves",23.7,46.7
"515","C.J. Wilcox","SG",26,"ORL",22,0,108,2.7,10.3,0.258,1,5,0.2,1.7,5.3,0.313,0.7,0.7,1,1.3,2.7,4,4,0.7,0.3,2,2.7,7,"Orlando Magic",22.2,44
"516","Alan Williams","C",24,"PHO",47,0,708,7,13.6,0.517,0,0.1,0,7,13.5,0.519,3.6,5.7,0.625,4.8,10.1,14.8,1.2,1.4,1.6,1.9,6.4,17.6,"Phoenix Suns",19.6,45
"517","Deron Williams","PG",32,"DAL",40,40,1171,6,13.9,0.43,1.9,5.6,0.348,4.1,8.4,0.485,2.1,2.6,0.821,0.4,2.7,3.1,8.4,0.8,0.1,3,3,16,"Dallas Mavericks",20.8,44
"518","Deron Williams","PG",32,"CLE",24,4,486,5,10.9,0.463,1.6,3.9,0.415,3.4,7,0.489,1.6,1.9,0.84,0.1,3.3,3.3,6.4,0.4,0.4,3,3.1,13.3,"Cleveland Cavaliers",22.7,47
"519","Derrick Williams","PF",25,"MIA",25,11,377,5.2,13.1,0.394,0.9,4.3,0.2,4.3,8.8,0.489,3,4.8,0.62,1.5,5.4,7,1.3,0.9,0.5,1.3,3.2,14.1,"Miami Heat",21.2,45.5
"520","Derrick Williams","PF",25,"CLE",25,0,427,4.6,9,0.505,1.8,4.4,0.404,2.8,4.6,0.6,2.3,3.3,0.692,0.3,4.6,4.8,1.2,0.4,0.2,1.2,2.3,13.2,"Cleveland Cavaliers",22.7,47
"521","Lou Williams","SG",30,"LAL",58,1,1403,8.4,18.8,0.444,3.1,8.1,0.385,5.2,10.7,0.489,7.8,8.8,0.884,0.4,3,3.4,4.7,1.7,0.3,3.1,1.7,27.7,"Los Angeles Lakers",20.9,45
"522","Lou Williams","SG",30,"HOU",23,0,591,6.2,16.1,0.386,2.5,7.9,0.318,3.7,8.2,0.452,6,6.9,0.867,0.7,3.5,4.3,3.4,0.9,0.5,2.4,1.5,20.9,"Houston Rockets",25.2,46.2
"523","Marvin Williams","PF",30,"CHO",76,76,2295,4.7,11,0.422,1.9,5.6,0.35,2.7,5.5,0.494,2.1,2.4,0.873,1.4,6.4,7.8,1.7,0.9,0.8,0.9,2.1,13.3,"Charlotte Hornets",23.1,44.2
"524","Reggie Williams","SF",30,"NOP",6,0,79,3.6,10.5,0.348,2.3,5,0.455,1.4,5.5,0.25,2.7,3.2,0.857,0.9,1.8,2.7,1.8,1.4,0,0,0.9,12.3,"New Orleans Pelicans",22.8,45
"525","Troy Williams","SF",22,"MEM",24,13,418,4.4,10.6,0.415,0.9,3.5,0.244,3.5,7.1,0.5,1.3,2.2,0.6,0.5,3.4,3.9,1.6,2.1,0.8,2.2,3.6,10.9,"Memphis Grizzlies",21.3,43.5
"526","Troy Williams","SF",22,"HOU",6,3,139,5.7,11.4,0.5,2.1,5.4,0.381,3.6,6,0.609,1.6,1.8,0.857,2.3,3.9,6.2,1.6,0.8,0.3,1.6,4.7,15,"Houston Rockets",25.2,46.2
"527","Kyle Wiltjer","PF",24,"HOU",14,0,44,3.3,11.5,0.286,3.3,10.6,0.308,0,0.8,0,0.8,1.6,0.5,3.3,4.9,8.2,1.6,2.5,0.8,4.1,3.3,10.6,"Houston Rockets",25.2,46.2
"528","Justise Winslow","SF",20,"MIA",18,15,625,4.6,13,0.356,0.4,2,0.2,4.2,10.9,0.384,1.7,2.7,0.617,1.3,4.1,5.4,3.8,1.5,0.3,1.9,3,11.3,"Miami Heat",21.2,45.5
"529","Jeff Withey","C",26,"UTA",51,1,432,4.6,8.6,0.534,0,0.1,0,4.6,8.5,0.539,3,4,0.75,4.3,5.7,10.1,0.6,1.3,2.7,1.2,4.3,12.2,"Utah Jazz",20.1,46.6
"530","Christian Wood","PF",21,"CHO",13,0,107,4,7.7,0.522,0,1.7,0,4,6.1,0.667,3.7,5,0.733,4.7,5,9.8,0.7,1,2,2.4,3.7,11.8,"Charlotte Hornets",23.1,44.2
"531","Metta World Peace","SF",37,"LAL",25,2,160,4.3,15.3,0.279,2,8.6,0.237,2.3,6.8,0.333,2.3,3.6,0.625,1.1,3.4,4.5,2.5,2.3,0.5,1.6,4.1,12.8,"Los Angeles Lakers",20.9,45
"532","Brandan Wright","PF",29,"MEM",28,5,447,6.7,10.9,0.615,0,0.1,0,6.7,10.8,0.619,1.9,2.8,0.657,2.5,3.8,6.3,1.2,0.9,1.6,0.8,3.4,15.2,"Memphis Grizzlies",21.3,43.5
"533","Delon Wright","PG",24,"TOR",27,0,446,4,9.4,0.422,0.8,2.4,0.333,3.1,6.9,0.453,3.4,4.4,0.764,1.3,2.6,3.9,4.6,2.2,0.9,2,2.5,12.1,"Toronto Raptors",18.5,46.4
"534","James Young","SG",21,"BOS",29,0,220,4.1,9.5,0.431,2,5.7,0.343,2.1,3.8,0.565,1,1.5,0.667,1,3.3,4.3,0.7,1.6,0.3,0.7,2.5,11.1,"Boston Celtics",25.2,45.4
"535","Joe Young","PG",24,"IND",33,0,135,6.9,19.2,0.361,1.3,6.1,0.217,5.6,13.1,0.429,2.9,4,0.733,0.3,4.3,4.5,4,1.1,0,1.3,1.3,18.1,"Indiana Pacers",22.5,46.5
"536","Nick Young","SG",31,"LAL",60,60,1556,6.3,14.6,0.43,3.9,9.7,0.404,2.4,4.9,0.481,1.8,2.1,0.856,0.6,2.6,3.2,1.3,0.9,0.3,0.8,3.2,18.3,"Los Angeles Lakers",20.9,45
"537","Thaddeus Young","PF",28,"IND",74,74,2237,5.8,11.1,0.527,0.7,1.9,0.381,5.1,9.2,0.557,0.7,1.4,0.523,2.1,5.1,7.2,2,1.8,0.5,1.5,2.2,13.1,"Indiana Pacers",22.5,46.5
"538","Cody Zeller","PF",24,"CHO",62,58,1725,5.3,9.2,0.571,0,0,0,5.3,9.2,0.572,2.8,4.1,0.679,2.8,5.6,8.5,2.1,1.3,1.2,1.4,3.9,13.3,"Charlotte Hornets",23.1,44.2
"539","Tyler Zeller","C",27,"BOS",51,5,525,5.3,10.8,0.494,0,0.1,0,5.3,10.8,0.497,1.5,2.7,0.564,2.9,5.6,8.5,2.9,0.5,1.4,1.4,4.2,12.2,"Boston Celtics",25.2,45.4
"540","Stephen Zimmerman","C",20,"ORL",19,0,108,3.3,10.3,0.323,0,0,NA,3.3,10.3,0.323,1,1.7,0.6,3.7,8,11.7,1.3,0.7,1.7,1,5.7,7.7,"Orlando Magic",22.2,44
"541","Paul Zipser","SF",22,"CHI",44,18,843,3.8,9.4,0.398,1.4,4.2,0.333,2.3,5.2,0.451,1.3,1.7,0.775,0.6,4.7,5.3,1.5,0.6,0.7,1.7,3.3,10.2,"Chicago Bulls",22.6,44.4
"542","Ivica Zubac","C",19,"LAL",38,11,609,7.4,14.1,0.529,0,0.2,0,7.4,13.9,0.536,1.9,2.9,0.653,2.4,7,9.4,1.8,0.8,2,1.8,3.9,16.8,"Los Angeles Lakers",20.9,45
